"Enzyme","sample","Vmax.boot","Vmax.boot.SE","Vmax.boot.median","Vmax.boot.CIlow","Vmax.boot.CIhigh","Km.boot","Km.boot.SE","Km.boot.median","Km.boot.CIlow","Km.boot.CIhigh","Ki.boot","Ki.boot.SE","Ki.boot.median","Ki.boot.CIlow","Ki.boot.CIhigh","Rmax.boot.mean","Rmax.boot.SE","Rmax.boot.median","Rmax.boot.CIlow","Rmax.boot.CIhigh","SRmax05.boot.mean","SRmax05.boot.SE","SRmax05.boot.median","SRmax05.boot.CIlow","SRmax05.boot.CIhigh"
"NAG","2",5241.4100132685,581.404235738201,5170.20473925242,4309.47388805596,6620.21065462951,185.57107417092,30.7640069466346,181.929867062604,132.791203632831,255.396402615378,1803.65221867356,656.569804083698,1680.89685459057,935.970743737533,3425.37619805947,3127.60565929092,63.5132641752926,3121.20683982368,3012.30384591256,3263.74371393948,80.5201657335282,4.16929784030676,80.3273579760753,72.1509831614542,88.7799616695688
"NAG","3",22296.4878769925,111620.638372942,8125.02952139199,4280.38992912737,112759.914441399,1480.40846748061,8337.55908934556,431.416592338324,177.143272296911,8947.51176439466,1100.01691250252,1796.16682091666,722.716376524913,19.9229265324191,4905.58163542188,3204.90084292053,150.385759711334,3202.62454044624,2897.79183598228,3506.76539624865,111.125563751276,13.4249492233132,110.367670329283,87.9138473562872,140.930594998628
"NAG","4",1972.52025911074,435.128790379919,1879.01067296436,1423.45353527516,3079.94696357917,254.985279818011,77.7644791755155,237.053678992376,151.085431302764,460.124409204977,1301.57684820472,866.074315142788,1146.38918620348,489.576242365498,2949.93798797152,992.893225135601,30.4098844375228,986.540114932425,946.291048571115,1067.15007558115,87.9015952185174,6.28626831839867,88.0384798394358,75.0268332362296,99.3187379833444
"NAG","6",10621.1177490118,2077.4467235995,10337.6627431359,7513.88826597655,15227.0192775451,295.665024558398,78.7004126222733,283.663618206931,182.532473647064,472.627854945256,902.460578618192,341.800796265501,841.62633319818,417.706531137436,1707.5246131473,4777.20937007095,116.381274918851,4788.55065142795,4509.45741043424,4978.46929303648,88.3551639805834,5.16192083258398,87.9638931598706,78.6839710608282,100.076633583884
"NAG","7",4041.427527497,513.806525755774,4004.37001861994,3166.29093370866,5123.78027573898,216.023172843701,41.8077019354317,211.266775959439,147.446162333174,310.971753858194,1918.51767035182,847.88542693027,1734.61636517402,896.433633548971,4094.47562263196,2349.7953029775,46.7237593118556,2350.96061472222,2251.16108669911,2434.56842662336,90.3675221249452,5.2722406540408,89.9484687942168,81.1715320679978,101.570343631693
"NAG","8",13038.2186181672,3581.21970110813,12416.5666177912,8985.94265917845,20512.1260262825,429.687499927885,145.196323451301,404.001390313233,264.620378756873,731.537099441076,528.60441474456,158.006686486368,515.057155961637,252.769610643124,904.878976248423,4486.80981511681,100.262166111232,4486.58661013457,4260.53549544176,4688.57046709824,92.8110928021988,4.31195541048825,92.6796918685956,84.5699332752135,101.97735876298
"NAG","9",7170.79008379546,2259.64370518319,6678.27538213661,4535.97467686863,12935.3873532644,478.974900431343,171.594550955355,441.748450917776,278.929089919327,912.016677073942,102.649377719991,27.9646510060174,101.999391937512,48.5036645399914,159.895271466365,1293.76299622269,24.6624528836503,1293.32565721361,1244.32491901103,1342.72565377622,49.9957696686068,1.66343497213516,50.0630578124123,46.7113785181915,53.2662449860031
"NAG","10",392.5884533559,4472.34883748441,187.311313281118,120.833985991109,419.009089495818,316.76109375467,4375.77187540664,115.634304906468,56.8452321010378,359.568573252527,584.40222903941,356.791715652195,530.998220045922,163.70694585643,1255.46912335859,97.1110599928552,6.28821296815355,97.154594954531,83.983429532696,109.044342884496,41.5865222477506,6.197698480469,41.1342549969748,30.5209515650313,54.8045842722654
"NAG","11",229.815696034591,25.6238968823696,226.350680713882,187.907022527142,289.176104434327,73.0994835476136,14.3628019534892,70.9838901334034,49.7604862767043,106.302741454506,843.632774784667,202.912311856284,816.111332941165,511.693443411074,1323.22354784033,142.887308060725,4.84015513838789,142.491965977021,133.909190829212,152.536768772229,33.4610935368877,2.91384702695839,33.4141442429116,27.7966939064221,39.2495129114201
"NAG","12",18128.7757825034,2033.33787655973,18001.3951047195,14694.0579897748,22770.9298974389,458.739912183939,68.1068414424809,450.290874083796,344.938191723037,613.99355005772,955.514761911292,210.655994467368,928.577776767346,595.927077667808,1435.79066335568,7495.21065161139,81.2252535912444,7505.78997194443,7323.42931219954,7639.06715682093,123.82500937153,3.83554847666103,123.71765751438,116.314081159189,131.510895783002
"NAG","13",44666.4535593165,3258.34152889511,44313.4990220676,39322.4443646685,51832.7009109796,500.614197020675,46.9891514183367,495.790260920464,421.336730238537,605.523922799197,635.355384804905,75.6301888712475,632.379726483636,492.055798833573,786.707135711912,16018.3008535974,111.040773840622,16015.7923038031,15805.2909537009,16254.1116058589,113.873232804072,2.15359648853571,113.90165915957,109.724610866492,117.966571928001
"NAG","14",6171.28336562835,22033.9777484343,2018.99952610691,638.331156339735,24970.7388518718,3352.86232947709,12664.2717108544,1043.00312908078,285.578538621145,14075.2971978737,95.5150533400594,85.0557323022303,77.4242713645859,5.46112192250778,305.902359642112,239.562862545246,9.32849104163371,240.317433743966,218.824804718877,254.846647807312,69.6195343258002,4.26595046014522,69.9952177490643,60.3797130885867,76.5281047389769
"NAG","15",5012.45473675805,360.96016502117,4982.83393254635,4414.03846535109,5830.38781337374,390.328115167591,37.6078864202079,387.055920907424,327.724336523114,474.521057164011,932.519096124414,128.820468238053,926.959483201056,688.504460389035,1196.49472782914,2172.96075838745,17.5800954287538,2172.66474485741,2138.83226540559,2212.07029797863,111.778348404583,2.49298084820718,111.778886665674,106.994343630225,116.802656852895
"NAG","16",9241.33260858668,1346.07122921664,9042.21734481737,7133.25759209585,12466.6858639111,585.579393867994,100.964870804331,571.290452656975,425.144587825047,816.905044486873,361.789666135477,71.0639977154512,358.886105191924,233.884740117575,510.17997993673,2567.83190240484,31.2841590053985,2566.43100079036,2510.26595790236,2631.28455508944,98.966534081135,2.40968392820276,99.095734275572,94.4329381904263,103.803800225622
"NAG","17",10274.7251141488,1004.24230308733,10166.0311804389,8704.72663440808,12721.5765506015,399.418804432519,49.3968509391088,394.924363815922,323.156354552325,510.904384611373,539.204952937048,80.2207015979036,535.9154766905,387.187195044923,708.85226652875,3746.62476702003,42.2734254629511,3741.55320498034,3676.79050572236,3849.42403217104,92.6544605175897,2.18093496326342,92.8375132754306,88.0530229976086,96.6559045548462
"NAG","18",12564.6925626418,949.164164033239,12517.7503068844,10824.6487153361,14643.4471080162,384.796183425362,39.2364272023963,382.790504166302,315.976130568664,471.37075095554,1022.00186015964,160.84254094502,1010.78313073289,733.91177453999,1362.36679348057,5603.89463763866,46.9622319494574,5609.67977025636,5499.37509594222,5690.43170178749,114.158742977405,2.57089235143806,114.0757618601,109.545005268268,119.537495833816
"NAG","19",7033.05519616269,240.176585243309,7010.89678853878,6609.81968724622,7580.55552744374,446.600416305524,19.9574774240713,445.326094751155,411.305275198338,489.504457347021,843.019122391494,53.3522680377593,842.68636358003,734.295385754829,951.302894515119,2860.49728278458,10.208233970845,2860.01806955099,2841.96955209871,2883.12450359484,118.275141391308,1.10688495459549,118.311799658767,115.982344535952,120.39604897918
"NAG","20",12122.6539924584,910.891389880633,12027.400084637,10531.2987632345,14168.5561083278,479.101899118802,46.4157516261839,475.627742511777,393.400991758725,577.607435375867,793.890041718529,105.895794654843,787.387990847234,604.999807354405,1028.14648924806,4721.03295941527,36.877466803877,4715.04258445313,4664.90243035006,4809.54148932312,120.313188607645,2.43781966568865,120.576191600186,114.700397491751,124.677006238365
"NAG","21",6532.88877673707,311.638762794661,6525.00381406867,5944.49257202733,7152.12510132749,424.959558366404,27.2823211776384,424.419759859883,373.807343664544,479.462031828109,1000.19054203603,96.785658357005,993.613827861478,826.868511393412,1214.35236928708,2828.4862906994,14.6652761498628,2829.1346863062,2798.39153035895,2855.83644296341,121.533921649489,1.78500040457191,121.464652390216,118.088830944844,125.165072051489
"NAG","22",3973.28715124007,195.252583613207,3960.7323794842,3580.31536757194,4377.74373367303,352.234796537231,24.1630745196602,349.901294622805,306.553539145244,406.063870721935,1199.11422416444,133.158530325857,1192.79556560016,949.760118142714,1497.80179460873,1900.67704847939,11.2719011292299,1901.84587089338,1874.24944931614,1921.26746660208,114.194849921995,1.94719930841935,114.044688924092,110.808460521025,118.381234984203
"NAG","23",26389.8636431833,884.925154520383,26352.5245272639,24676.686460644,28261.7534020525,393.735588227262,17.9855569003442,393.139168423754,359.835195267853,430.764035635064,1066.75705859443,75.0078127080528,1064.98113989007,926.727155897518,1225.45034920591,11897.7768183087,44.6470899302177,11897.1455968865,11807.1509790434,11990.7710892407,118.451577166944,1.25375334274161,118.424382940134,116.028701054522,120.884812984817
"NAG","24",48851.685804245,2081.23952015058,48720.8247133554,45047.0997619826,53022.7460355438,379.944079376632,21.8989054435686,378.931620302103,338.709269980015,425.962030252225,1096.57230949441,99.7875391557241,1095.65089396269,912.895067777357,1301.6572760346,22387.5482075865,111.251426653287,22385.9065909379,22152.6028884932,22598.1724877697,116.670575461038,1.62148711553849,116.651766893433,113.559947561084,119.936824934054
"NAG","25",13460.5428900983,374.219783773099,13452.7736357017,12750.0287034875,14212.7880601967,412.445838887941,15.2798840769952,411.683835436993,383.613952108638,444.260510540131,878.66610073639,47.0652326594924,876.783922988523,787.954931820066,975.82672981782,5674.17228524231,17.2836824923349,5675.8006679694,5637.81878994482,5706.25378293885,114.137511882675,0.932976438029404,114.102523648342,112.299006414701,116.086392605347
"NAG","26",14063.5206724924,3391.31360397145,13384.8685081415,9683.87763276128,21893.2066130058,516.893675497554,159.395875414366,486.672679863023,313.22897632711,881.430687789744,796.014221059248,293.45808391497,761.627544510736,352.295230699932,1527.19591938239,5157.31070313015,98.0559787456726,5149.56211579266,4969.40968318231,5374.61461386854,120.351100321889,6.13879860660282,120.307258513469,107.755039505259,132.920116260849
"NAG","27",13081.7283712543,1073.87260832451,13013.8766298302,11156.029862571,15511.1653621076,326.656686818359,37.4631844501301,324.762023813137,257.844082335083,409.56869727201,1244.5071541511,246.894105902259,1216.90483011603,838.721373120364,1814.54931664351,6403.13017471596,65.649539743069,6400.87102791044,6272.04002336226,6539.14646417192,109.013009622587,3.1974410281839,108.952997405771,102.473690978061,115.243586170538
"NAG","28",22717.7655677733,1194.24617130771,22639.8666262769,20404.733229638,25259.69624704,349.491662819834,24.2847968857768,347.782412302162,303.575962747158,400.57819571669,693.985336144743,63.9519287631666,693.70920538675,572.904400077852,834.35503600378,9365.32910141263,65.2033107933677,9364.59356419913,9236.01711710329,9494.77120320202,94.081046256309,1.45553472795843,94.0930226243426,91.2461810425941,96.7926137794489
"NAG","29",22982.1051446874,2098.58069424955,22726.2773982676,19360.3489343114,27582.2655676682,467.685069479322,49.8969423154858,462.471624103036,381.001592339337,580.612562982811,257.070995483985,30.4716418214697,256.806776265646,198.511253014517,318.70793045141,6179.25233541514,56.3579762232945,6180.95790872081,6060.07769693564,6282.26062213212,76.193816120263,1.10544055944822,76.1551182931846,73.8808025432524,78.360515384028
"NAG","30",7858.89168260657,517.567208903297,7815.97148507335,6895.68010687847,8938.91054949081,343.074159621299,29.1741873125717,340.702516358628,289.011753962845,403.510342561467,600.030453898152,67.0048419921388,598.645318767848,473.956097916974,739.696000701161,3115.59704037511,27.027237434243,3116.24905428999,3060.50891436846,3165.60940677826,88.0449608477714,1.58007907698083,88.0656689123363,84.7271138408645,91.0432991112165
"NAG","31",512.483649308453,51.1935567893092,506.551717154992,435.325627093789,629.609313081063,302.88618588614,40.0783379698035,297.448819706843,241.66575967788,394.467646162501,729.699553900366,125.537900717233,719.587459463873,505.717557322833,994.023180530152,221.905068801155,3.08802854338436,221.828212449881,216.409292859364,229.103573417548,86.5702670073064,2.53842896628624,86.6405813120543,81.2603310806848,91.4178724657703
"NAG","32",9612.3598360403,546.146135345953,9570.1782876651,8632.56792080401,10800.3938310724,294.575168187688,21.5852326194646,292.61731094803,255.036680208783,341.382540563841,497.325862236222,45.1637093819916,496.280966620038,408.573240517012,591.133446565969,3774.99868448205,32.8174393667689,3774.39948676668,3711.58939489747,3844.61205515816,74.7440186735787,1.21675746294634,74.7152849608231,72.273110171501,77.2337777123115
"NAG","33",7348.79490363355,642.36771266849,7288.04341622935,6254.44718529315,8777.82591070386,383.041411809033,41.9438235299594,378.814032708352,309.620915667045,474.908168508074,438.912051399411,57.1408976232844,436.762819883932,328.444579114703,554.999860873234,2546.37230643821,26.6554843916003,2546.74535452722,2495.70264873824,2601.29811187534,83.6452117141564,1.70495578908635,83.6430159325034,80.3493434529055,87.1400015281258
"NAG","34",18944.208352571,653.400142940907,18913.436503483,17728.2771495784,20298.210957416,260.705242989032,12.8380407349723,260.015999251323,238.751853911103,287.0360476663,1141.46502148456,87.261031818188,1139.27051716938,968.435939890672,1323.87415625718,9671.91053945323,52.3706056466361,9671.91639574528,9561.50297933404,9785.35317907198,91.9282378398828,1.25361055822659,91.8557001335569,89.4613572390803,94.467710563895
"NAG","35",15947.0213548032,1933.00040117303,15764.7366605704,12841.1169490687,20454.5125916062,474.911655784978,71.0106295789105,467.680894847782,358.476241041519,643.430875957967,471.69677432595,85.0381606404331,464.959161289169,318.509994055867,654.531287148233,5241.76991578892,61.7297841995076,5244.17566618637,5110.03884066196,5375.34486676633,97.4361961005674,2.45761963011607,97.3957544726326,92.7778523209129,102.386820434592
"NAG","36",17663.4275886896,1327.25479252915,17585.3191915812,15327.5039804416,20461.3810424841,286.97873297462,29.1011139794626,285.463891777936,236.259529524082,351.379742662989,722.757477825128,100.69313238288,715.542541445737,549.636755915209,925.775278344165,7770.27336831431,86.3705871591676,7773.93577132802,7580.66220754691,7931.89521248942,83.6787911873244,2.05355749937497,83.5553766008162,79.8087011508607,87.6180367272741
"NAG","37",10165.0234164399,919.198181419611,10085.4913764442,8620.30921398442,12266.0241766084,401.952950775632,45.940693066785,398.376629260397,323.008991125964,506.148045928592,523.068992642271,73.3924580140102,518.451287542673,380.178079152161,674.716449468058,3666.77110871662,38.685828629209,3664.73457793541,3594.97261200557,3749.17310348923,92.057742174958,2.00636980715982,92.088104886737,88.0882266883003,96.0879830851738
"NAG","38",36903.6830753442,2011.96117362367,36806.1877487357,33385.0200368911,41115.5053437825,507.524923987149,35.9023887921628,505.366583340464,442.172713126532,581.590365054707,738.377925579227,70.8945099043089,734.668698306668,607.659127095118,879.986777570058,13842.8801826561,67.0134033612922,13845.6072742546,13700.2329207834,13977.5173140613,121.843267152066,1.64448763000137,121.785303205149,118.490510433066,125.141110658197
"NAG","39",47726.3967043701,2703.26572980497,47493.4016334919,43255.6801629113,53903.8308612079,458.147649127417,33.5445933295847,455.308476735019,402.308698765332,535.207972514644,798.967724720043,81.0858506568309,796.257741704664,641.897805919405,958.39496204201,18919.3661353564,105.821428458529,18911.5508535146,18726.9296390693,19150.6122382865,117.57979343887,1.77646230368242,117.593649247952,113.918847708953,121.087722842409
"NAG","40",34367.2198167684,2738.51212771315,34149.8218681374,29831.1687947941,40609.6783480244,413.894477105574,41.7426477363199,410.550503439863,341.740323796089,506.229220234447,655.540023949581,89.9254569035954,648.995052445565,489.749655281396,840.942550390992,13193.8090188324,119.290063656988,13172.131006548,12999.0708747366,13475.9515088926,102.16379860974,2.06792931055432,102.254162753569,97.4981551836351,106.027951368842
"NAG","41",14025.4293746033,1065.48829942185,13925.5644211584,12141.0110668014,16435.9514067396,333.097699143486,33.2137438907657,329.846951587345,273.892357529818,405.409965190683,691.253199453257,92.4629441376168,686.424099545815,525.542602237138,892.470464563804,5840.00691161643,60.9438759062957,5836.04550794213,5725.14920607505,5968.03971239028,90.7514687854726,2.00821879951417,90.7597412815349,86.8612086544601,94.5631877469738
"NAG","42",9381.67132309441,716.31586938877,9334.46421145795,8092.1567944642,10848.1666107825,300.633883939063,31.2157468555364,297.783949615789,246.349043218846,366.581588159409,916.7339151296,141.568280631296,904.413591780173,667.207593996308,1221.67559218526,4344.61066953322,47.5744933131778,4347.41158589347,4247.71736667869,4431.92557829887,93.5018047137962,2.36234685881674,93.2027035669338,89.0961706155742,98.3488651135743
"NAG","43",11628.6592172176,428.823546530161,11598.5844612102,10862.727315411,12582.6549290498,324.39950072184,16.1502947976408,323.211264147136,294.101982452928,360.367873728644,863.662970060438,61.8707492038937,862.638094777525,739.87730408364,995.529000948215,5216.94888716802,26.0844216731661,5213.20570233366,5173.83608671642,5273.00948593961,96.9886726252185,1.16252077542306,97.0528988082534,94.6741512884432,99.1673410480846
"NAG","44",2137.40264868496,203.347438416036,2116.95805149459,1805.97622350005,2577.72432476332,289.162303213567,36.0960416867215,284.803105717106,228.126348297697,370.905756776639,633.945940934833,103.226843088059,624.221764085174,456.707707147367,857.14030844254,901.713076400944,12.5892632164439,900.438516312957,880.418879519549,928.918045021396,80.0362190561254,2.23166644041854,80.0927874961055,75.4386899659567,84.3237852507862
"NAG","45",12899.702036965,1111.12770060183,12826.5835669846,10892.2840940507,15320.5083628457,690.946208944759,68.818491163458,685.244824248105,571.880689436993,841.89672530359,276.665524168512,30.6939359092785,275.175170376161,217.674979833426,340.012212240646,3084.56416655588,20.2036807435768,3085.84182134035,3041.83739614299,3120.87077183465,98.6625243837046,1.27104268603834,98.664913890646,96.3188525299702,101.184757574335
"NAG","46",54144.8183097979,6928.29888290041,53693.8416694619,42139.2330789224,69064.8328056814,648.205282320004,102.463034393351,639.690971106631,476.49039967078,873.131168853074,505.990762015937,95.9645312375357,495.522416922871,340.731812616435,721.643300041557,16377.6465242078,157.629214527057,16387.6084938832,16017.7887580308,16653.2953658808,120.71166290008,2.97602123099882,120.680237517987,115.151175677518,126.829908340549
"NAG","47",57204.005535274,2197.71425222512,57192.9639504866,53140.4013084204,61808.7483200319,437.201169615469,22.3687343638049,436.849683616403,395.446721613291,483.020778807197,1045.98646248709,83.575174224898,1040.71065469918,893.770799408745,1224.28192010565,24902.9453188682,96.3594088675017,24904.0595958908,24717.0177501986,25094.9393154439,125.903063847775,1.38264730421713,125.851266541932,123.15349019591,128.818820522556
"NAG","48",10781.7890021909,806.716965655306,10712.369294923,9352.63993360097,12591.5117096579,305.820584746334,30.6371277899876,303.685940039373,249.737168002697,375.843762864477,735.684150970647,95.604862862033,730.818072133084,558.125866322041,958.080355896735,4684.83824022833,52.1164153151052,4680.04846047112,4590.91923702925,4804.57716213682,87.8166967219995,2.08510868555084,87.8970610944088,83.4245271876231,91.7104847412471
"NAG","49",51100.2412760142,3553.32778016154,50972.7668801063,43921.1581766075,58039.9673648511,454.283210994585,42.6329265884451,451.857169997561,373.185323884368,542.636751588331,917.443293910456,127.378834032352,906.267682494919,706.191702156301,1232.33893679905,21113.2535589936,143.156049127283,21127.3598091756,20774.4758732001,21379.8921328002,122.595233234845,2.54184345067311,122.342869073952,118.119736564077,128.229659845293
"NAG","50",37459.6152933559,2817.58883666567,37324.8678450792,32351.6076693176,42935.1357719126,471.680276795468,45.9641537788017,468.21363532665,389.449613888769,563.836030686137,782.647107430564,107.248607691379,772.361360596738,606.568604684828,1014.81415306875,14590.8636295509,103.714922913807,14604.9274413888,14361.5615369127,14768.6793499961,118.477410351917,2.27048862387763,118.261637906729,114.189890618433,123.298540107806
"NAG","51",14662.3918635385,371.058812645055,14664.9726943605,13971.0471334929,15392.8008286313,391.384953475584,13.5289130453453,390.979617209318,365.724987485205,418.051445432017,1116.28547275944,60.3693494100528,1113.17630216697,1002.34934609424,1233.71407115126,6707.50036791451,18.5152119188262,6707.95278700095,6669.34581197837,6743.01324402048,119.92623088157,0.967886643881795,119.924051644949,118.075002390511,121.971213319505
"NAG","52",21058.5927420613,1236.86807282655,21066.6774297856,18591.0612803281,23648.8618601602,485.280288998554,38.0561167282769,484.380108069759,414.576495761992,565.676165640263,972.746064492354,114.208123280393,961.244243345616,775.014297956508,1236.64546509784,8694.64153115128,46.6514427900764,8698.17228529813,8589.88995506108,8785.28980970353,130.872103421518,2.13624155241843,130.704981422271,126.947127800616,135.55602882477
"NAG","53",16306.0492062693,371.480723256083,16308.7904711141,15610.3781853754,17065.2266388163,585.821988907234,17.0432862974929,585.927468603078,553.993706516242,621.184618507161,779.167659449373,31.4141507905019,778.361291600026,720.759696065378,843.936110659239,5960.66844445399,10.9072818429552,5961.08806324426,5937.41714704858,5980.5551820956,136.394496243797,0.716701499945405,136.429549182424,135.011222185973,137.915415559658
"NAG","54",33809.9789604838,1335.62067147556,33830.5966428247,31299.5734869252,36594.6905972627,438.369590754522,23.8259363956006,438.037552187331,394.605106578228,486.664347414127,1347.38910830199,123.945855038494,1337.69733822188,1125.64039004573,1613.98080554458,15759.7050926564,59.3468756550118,15762.4892521117,15633.6355643281,15869.8856877724,137.532197751272,1.68517893058218,137.474999564058,134.331399462481,140.848619185262
"NAG","55",566.835133208103,50.5733079092405,561.903553167747,482.113079031187,689.738167949329,167.241141977904,22.2676429226522,165.429234403774,130.861206865227,220.836086222129,1163.89677147738,245.131299838216,1140.03848720866,754.142236022162,1719.64753684194,319.283300302073,5.91035684443106,318.732041693566,308.718712225176,332.273265860881,67.0882511528861,2.80856810186511,67.0966977998008,61.3789675805796,72.7277957429733
"NAG","56",74315.4908196321,27926.2587443766,69325.0587148316,47773.6160244126,123040.900459704,783.331193244498,340.84087160403,724.853762438508,457.922292552322,1387.42072200081,324.62650995489,102.413837470905,315.485264034724,155.575732190619,559.010049495272,17255.4361919345,289.522494593911,17232.841012886,16724.3267410505,17911.0367934943,107.911971917211,3.90259297740692,107.889763532952,99.9616091520442,115.483598150809
"NAG","57",44497.3108450466,6840.48270464005,43515.2992789311,34306.6672112156,60148.8972625154,382.075866211269,76.3219904356654,369.954196529047,267.443611261129,560.708546949925,768.522960599275,199.762728062737,745.595768241587,439.874503809776,1228.20040087795,18075.0725248876,319.224050859044,18054.378249109,17449.6227593316,18795.9535876422,100.856607658609,4.17028699439191,100.831701860443,92.7399446501725,109.02854682669
"NAG","58",39655.3681140973,2812.28767941536,39540.1910431722,34479.8043430893,45468.1734257364,409.523770158079,37.5403164058102,406.695187714015,341.47596763504,485.232430909863,626.413943325348,75.2277393223436,621.782957721699,489.876409404539,783.962008079653,15081.6885541119,121.734401930451,15095.7972314802,14813.5289539778,15297.4873984438,99.9425398277768,1.9272101708236,99.8770458576857,96.3531581510133,103.904346093883
"NAG","59",501.887643187692,103.66852664555,479.780819507339,358.68947937477,738.465303845754,180.811560302019,50.2236680887843,170.013505726629,110.767659648205,301.852017989123,304.93613071447,80.75306063239,301.409916702988,167.712284965456,474.33731397776,192.251005863634,6.27161289319802,192.18017818749,179.723138609011,204.72077406143,44.2571462197475,2.93813597088422,44.1268066080399,38.2311387159071,49.7957180427829
"NAG","60",1128.6031465021,2860.64290285867,428.407823590971,205.224360255175,7354.5017658148,1435.90371403501,3790.89169958003,503.981466521146,210.054913252507,9864.33340785187,126.06908327517,80.7803636928505,118.266453910201,5.41665161673365,298.12301351046,NA,NA,NA,76.6116260604219,90.0103809849884,NA,NA,NA,49.4141949200339,64.4913606928789
"NAG","61",1727.06512934461,259.660499698968,1681.3497022132,1324.54107782581,2363.73345115594,237.434445187544,45.1896189082177,230.682075843088,168.372591614313,349.150965946809,202.693535215162,36.9548949210953,202.137729137745,132.062900125611,275.091108739592,538.099093998777,10.5695570540924,537.834143796967,516.897995991635,558.248630335946,45.697946590345,1.74487230504294,45.6971055393228,42.3113360397127,49.1907020930605
"NAG","62",224.345772181998,39.0917548312564,217.630475686078,167.424498339263,318.80008148592,153.292344076526,38.1784966988667,147.553267272598,97.865119710384,251.898252298379,558.173515881394,156.398916537834,536.717318895209,301.523974435651,900.227308709541,106.912037124608,3.73503556872692,106.687611001549,100.466313695017,114.780991462072,49.2080939268197,3.58222273682451,49.2287295699929,42.2889345028478,56.4512046806063
"NAG","63",3539.58701452667,387.850773756892,3492.4574887159,2907.44392564017,4425.01387950427,328.524480602402,47.840418973179,322.019979886222,250.817258792233,438.795352843712,775.076303415082,157.999819435484,763.411559985541,512.391140668718,1127.83854946798,1519.02293048183,21.332122914691,1518.65663145656,1477.77301780299,1558.69910405036,92.8490276612416,3.00556500332791,92.780123682575,86.6377129315663,98.8234632924384
"NAG","64",2078.27976412576,127.75481284714,2078.82980493512,1840.39564524937,2344.81069049081,315.720640114979,27.3619709525947,314.379864906377,266.137896899268,373.704706011675,1204.20117192655,171.570445602282,1185.85628386883,899.869745323113,1579.87466064696,1021.67188207101,8.17681707714611,1022.95673180979,1003.52582394433,1035.130799784,105.977229595298,2.32843699170792,105.85144310283,101.876663321384,110.926931131446
"NAG","65",23541.2775159882,2050.77593916423,23468.1336640027,19816.3093648401,27919.4096352134,370.136162792854,43.1835792265385,368.003440853234,292.596654652489,463.728283682516,905.03671180045,156.62828681067,887.35068117795,641.796264478232,1264.13758281367,10243.7769634674,108.477685532912,10248.4210655089,10016.8902383031,10455.1940621763,106.46427092693,2.80539054789694,106.438069026573,100.745734778712,112.073193885007
"NAG","66",48911.3716913997,2381.67226328138,48835.9970392671,44467.2152392559,54177.1049519756,369.101211843772,24.1725351000419,367.200625298509,324.7458314837,422.667966142501,885.857706036534,84.1951011158536,881.718091690216,725.508500733722,1057.6492544207,21294.2551480277,126.183120193188,21301.8696198156,21030.6901592096,21531.0862910098,106.287032242186,1.62846604939813,106.189099131995,103.399144248634,109.54843256298
"NAG","67",2354.34351140144,104.472948207617,2347.50053766585,2161.62046128012,2575.34919633684,262.697722049166,15.8182701615943,261.636494196206,232.894127362858,295.065863865295,753.6271335416,63.0742596018084,750.2276899462,635.483017206057,880.65170929122,1077.38546372751,7.64941757324872,1076.70836461609,1063.19205285947,1093.57849147276,80.5160824528956,1.22600818082653,80.5256213005978,78.0854509581555,82.7439579755454
"NAG","68",6366.68034048484,610.35304491189,6309.68976133573,5324.87469187171,7645.2381417532,294.98675283351,38.5835232130413,291.848826944683,227.009977791008,377.750873494249,945.984518262675,190.548246397467,925.579374785681,643.951474236103,1368.21246512274,2976.34301762707,40.3332344856863,2975.67776870014,2899.75427271713,3055.4394375547,92.8134609103261,2.95751743658375,92.8160593442383,86.7876926679048,98.688519985839
"NAG","69",1187.01962718664,136.688759584071,1173.85857051154,965.23361569647,1500.74120913311,263.940623164712,37.8519277554306,259.717759327317,202.734760282919,353.227636637354,192.999977212344,27.4797160082189,191.481897417208,141.450649152987,247.591660548053,352.496322481219,5.08761331779328,352.399776007178,342.405567642952,362.09491601581,48.1162646340357,1.30468616862672,48.0676162751847,45.5212834427632,50.792639130934
"NAG","70",10156.7819521941,17500.3876498474,7397.24008774748,4571.18021337296,25946.5103101236,498.002145056791,975.71036870633,344.415417738785,188.659630826568,1389.59966050985,138.299825730685,54.599424920938,135.683589034124,31.6780027659246,253.010023894603,1774.46286490317,59.0224985240614,1771.64412474678,1664.56920246619,1898.84538796751,49.4720984598084,2.98505174456374,49.423716613374,43.5849024855753,55.5664095433629
"NAG","71",3277.85777888853,179.393896800873,3265.75266084614,2956.05324894249,3666.34680380726,247.709705739997,17.2656637968908,246.466845529545,217.883479817107,285.008275569639,248.476851182031,18.221873555095,248.657081184155,212.429527095609,283.320551121156,1091.43171956948,8.28236326529891,1091.34490193182,1074.17934107481,1106.83256220861,51.6280444347715,0.743758454031218,51.6011920159047,50.1905119464051,53.0861184048516
"NAG","72",2330.89695952008,627.742438218403,2207.53317995056,1550.25190216831,3893.22044460071,215.065313794862,73.9808173667998,200.849668180232,121.043126967109,409.445275831444,314.610864821883,101.736319424103,301.571684338273,143.213616014306,538.271896182463,842.798536943744,30.777576637603,838.868132597532,793.305761496659,916.278534859773,49.090198964578,3.48318420428884,49.1717858775573,42.4469117738512,56.1928012261972
"NAG","73",635.31728829645,65.600467805943,628.24498720127,529.148025467613,787.324572917282,273.947318024102,36.2512380732574,269.661545366404,214.110179648198,360.934172787367,368.404901404396,54.3990515757445,367.41969987279,265.345026307039,478.752297680613,231.29658565569,3.29770275087267,231.325487304758,225.306295747718,237.995148688225,63.4064451311056,1.72203788443927,63.3145713789953,60.1063814730551,66.8058368648713
"NAG","74",1386.29251901282,1535.34616410742,1070.06843065328,607.468648672248,3479.42493104152,1669.68164771256,1992.28211251123,1260.59388870783,670.158527894295,4353.17534915338,154.29974011755,67.5601005137886,147.973741369235,40.2598737505155,301.3107709864,156.720884889968,2.65663942630725,156.634050485863,151.585319070307,162.155686469742,105.560628280212,3.34283784362104,105.654370000869,98.9399676432899,112.282134908672
"NAG","75",10142.7933278885,1193.17726251827,10005.6226951086,8258.8005039866,12942.0123313547,386.758627538625,54.2309324973086,380.438335455556,301.354463632912,513.639054224786,237.903920027663,35.2238426025153,237.026354955648,170.926222551586,307.658791867379,2830.73268614189,35.8421962692025,2831.05290805124,2762.56922893987,2903.5655110265,65.7049846403333,1.42339595309544,65.7441609554232,62.8322049678999,68.3859354595681
"NAG","76",529.668300019085,33.8423567727971,529.963256821422,467.837059151505,599.934450746633,202.373627498678,19.5605915346592,201.715729434451,165.751866163023,243.142168160806,2023.12733014512,440.736305313501,1938.12538258356,1367.69195183741,3121.56907322873,321.857985699629,3.38269475219246,321.852274912842,315.191732607557,328.340970005255,90.1361563420356,2.63324163719538,90.1805703515704,84.8647292670167,95.0560459024924
"NAG","77",311.589219380839,39.340976412895,306.841599752442,250.144702817031,401.980426864055,325.280676972247,54.1892954764254,317.87699266005,243.110735446129,449.803596526407,645.645116167771,136.921470388934,633.263256242564,398.014065372661,936.97442011187,126.943256711865,2.13793582202136,126.939572463798,122.867695008061,131.217751953456,86.191662532653,3.21663117301537,86.2536503354422,80.4675240258883,92.398606183573
"NAG","78",1511.04858375316,167.85988265016,1494.32152419735,1240.63444981847,1890.26566672073,243.544796744654,36.1643835607378,239.572034709146,185.211014130842,322.588360794587,515.151069025843,89.9067495010797,510.127263760785,346.606737601501,698.440536200437,629.70162773594,10.884042852078,630.064200554185,606.681353115369,649.757178460092,66.3581809355529,2.25369094564187,66.4270047007603,62.0358595388191,70.7481714537463
"NAG","79",490.027494387825,54.2115919152526,483.593156547089,400.437743937823,612.96646976503,288.345309246521,45.3792328445772,282.556669731767,214.120213169509,393.04186327682,1458.09972157793,403.939001523519,1395.77087731466,835.475565208701,2409.02274633578,255.023878828168,3.88477062504382,254.997127092646,247.632115574211,262.534083427724,104.12691734147,4.30135970013032,104.175133747784,95.7404099277221,112.169237666799
"NAG","80",36713.6389183408,4266.23003384455,36371.9751459635,29928.3975737858,46898.3814367195,661.884073718779,94.0097043976488,651.618085702184,511.422438741088,885.18944385326,516.301440026932,87.040036696751,509.768475835507,351.386763889043,698.927267658138,11128.7833412427,97.450165262955,11128.7798391215,10946.5375624703,11337.054102141,123.611573355386,2.77319313174794,123.489757057653,118.296262601958,129.087189971014
"NAG","81",12288.7319299564,457.404819673365,12264.7640835461,11462.6664883058,13272.3438912962,345.065173415685,17.596544978202,344.627100795732,311.246254378276,381.1362653851,1047.45012539413,82.4047638455756,1048.16347939984,889.0909262358,1215.30922859141,5711.6855058119,25.0962636672126,5710.43992079505,5665.72668042866,5763.72036994866,107.866551730185,1.31638820481649,107.91123982005,105.211959224218,110.250616336438
"NAG","82",6262.33402238583,612.201189719909,6197.72797249955,5239.89918443236,7695.9415530056,346.136541949142,43.1466407377624,341.845990999432,272.711353137303,448.199056160531,574.172588149321,91.0137221460853,569.769364563622,409.241136589069,762.469590067004,2432.73481019726,30.186659574185,2430.59482292613,2377.48173659092,2502.22533380825,86.6405142840009,2.14490520087398,86.6674902577898,82.5173404441208,90.9942421911893
"NAG","83",7140.54720813279,456.198722230632,7130.69978734849,6357.3953669053,8199.34088796286,262.661901306061,22.9609229518503,262.809244326298,222.183487386415,313.885921849638,849.998061914326,108.37689862206,838.942109866369,652.568078289984,1078.77941738397,3366.28306062258,33.6672005301483,3363.94392047916,3304.75345185086,3445.58241207625,83.5702772098265,1.83497796736672,83.6053632808213,79.8008495584918,86.9871532562254
"NAG","84",5198.93880459024,18094.4182821834,1417.64439530676,302.241483881281,20494.5626352837,5190.34167262618,18790.1915060244,1357.11655188883,247.790379199329,20608.2748031653,34.6165387081846,35.5418903882825,23.3788167113612,1.43955994799936,125.433593119868,NA,NA,NA,78.7337474800363,90.4336389662748,NA,NA,NA,38.0416869719344,48.8578066907636
"NAG","85",574.663675009625,57.3322797879094,568.159228873903,475.890809168639,704.099030385474,232.233553194339,30.2122570704066,229.162550935701,180.509150442688,302.319664894422,358.869280259203,52.1551908946945,357.473255687887,264.018715199266,473.79831761362,218.600600771133,3.48363853708988,218.534683849141,211.925344621532,225.749431186815,56.6489931309474,1.68682446566571,56.6557106344787,53.4255919151568,60.0001698394404
"NAG","86",4358.57897519682,5706.23984256331,2093.97583685742,831.677586595497,18276.1335706546,2633.42275520086,3561.03948864859,1227.30419880982,445.176879766239,11267.1934086161,61.8340519577325,44.2840814618348,56.0800122132426,5.684880686441,162.21296057996,NA,NA,NA,190.632310354364,210.533506416363,NA,NA,NA,60.5721874527974,70.2784279714353
"NAG","87",569.235429384887,39.0889380911909,566.814765458118,501.711424870704,658.34838641709,323.017171635094,28.0773146052627,321.214314444682,274.452216802801,385.051497864777,418.248609263064,42.7937829178724,417.801982497357,334.071043083321,501.201611365956,205.640291789949,1.86462589985347,205.64268227669,201.8799310324,209.239294949735,74.1277617916988,1.26829783052596,74.080740921319,71.7205493730725,76.5873009376739
"NAG","88",1515.38115910998,9364.19669064376,1012.87682869006,645.332400592218,2414.8373388951,713.57587437851,5323.82004951328,432.328975139226,220.502426266979,1227.01141509407,1177.09063345743,1879.05422710176,914.148279328854,243.881868197424,3430.57082938321,430.118191886715,14.3151882785846,427.906685112336,407.422774822019,461.199022072978,119.940258444449,10.5178592408606,120.194948264067,99.6584948394938,141.046377968158
"NAG","89",663.567471702122,785.083766755645,551.060917927052,342.169873460169,1410.73072899112,396.593158806982,556.093478812592,316.29479565923,168.665085067281,920.478678660148,329.367210682014,150.896107243047,313.011219748574,94.9310667529065,674.766679349278,182.884891080723,7.43786131284249,182.696912431413,168.411622191734,197.310066314476,65.6470146358989,4.76205291760146,65.5844355014991,56.1928695585637,74.6003388067172
"NAG","90",307.007062996165,28.0425098171391,303.839388651089,261.059553636027,367.752525159306,134.971290518175,19.4091848693734,133.194874454401,102.7072608164,176.914543875831,1531.16825658217,401.424618706612,1474.27029882764,926.382007594074,2512.1817846336,190.296950904099,3.93863620751595,189.9443422566,183.697649463947,198.956556180102,61.7255485247065,3.0552282947864,61.757603873374,55.4530893154882,67.8845264718827
"NAG","91",1317.46965601952,164.201355655593,1298.29763827484,1064.44115270082,1674.8788088886,299.242754343319,45.5832775676568,294.793370963499,227.837164761123,396.940219690757,249.35471154765,39.9092361641643,247.40860610433,177.908007356681,329.584563467573,408.572240462582,6.5452336862365,408.382779330442,396.840490884339,421.320810535977,57.36279985531,1.58116132691732,57.34436870057,54.3489687355049,60.4477110067185
"NAG","92",18928.2684123228,1692.83608890118,18833.8516327764,15997.2041536902,22472.5155244318,553.944802461597,66.5262565840074,549.081776695333,440.93308410153,702.926621183083,1257.94480837496,245.963479494692,1228.51565647197,863.315044830682,1793.80407586893,8052.63152988466,55.0785152160892,8057.43649786046,7932.20450456575,8146.90176246908,154.942970856984,3.57528797073109,154.886117572924,148.509663861423,162.496723615684
"NAG","93",17400.2402748636,1701.1069211271,17284.6179503216,14436.3427301415,21156.0162362607,516.756155197339,69.5984567730475,511.130864141124,398.509128954822,678.004587220831,1700.47229320017,435.893777765174,1631.24445514864,1047.70438085831,2740.7384042256,8155.34601246379,72.8720715215582,8157.13129679753,8007.32446162566,8280.81605455546,163.159987142179,4.78173966905212,162.935607803487,154.432234332261,173.08479549495
"NAG","94",40443.4877776218,4543.6845534401,40231.2934908365,32888.4037196043,50091.8832145899,615.833495676333,90.0019957590214,606.627309013039,468.122298445488,820.01224318501,927.309542662483,194.728838281417,899.691735371402,616.494118529548,1357.19124308322,15179.5280472229,122.59848347135,15192.7434841608,14923.555251347,15399.1809992077,147.815800818434,3.85532122278067,147.563354656871,140.660239977249,155.505647890415
"NAG","95",25132.3593253361,3004.42112630382,24706.5684171576,20192.4113790848,31975.954650923,474.199000951044,79.1064989495755,460.756119240405,348.915935903178,650.308685124046,1997.28071276553,857.543613634011,1856.21778827769,1024.05659698212,3809.74146819408,12403.7662943417,160.886837161253,12395.0750193299,12102.488254799,12723.5314337707,159.933517911552,6.29117648097917,159.687032352903,148.095348819736,172.85518484658
"NAG","96",28702.4949547341,1563.18432831094,28614.9336971066,26004.9684943468,32360.2999098004,414.185650532497,31.4756517654817,412.35847970871,357.619048223312,484.8610815979,1636.98889072824,226.037909595571,1617.09671854982,1211.30531048094,2090.91275911932,14244.6708436818,82.7958216897652,14237.4984408743,14099.3673725081,14430.7785499501,140.771385298899,2.67714371335762,140.921783561819,135.121524644202,145.741717028571
"NAG","97",23708.3127650989,2714.82639757234,23497.8818236002,19168.352566853,29846.6334233212,510.146444825016,79.5676511154165,502.26540639663,380.028282438658,701.649300903872,1538.37223359859,439.764157759225,1461.48969214237,912.156688109207,2659.84263849342,10817.2275351546,110.244964733587,10815.7056249168,10592.3229081521,11038.2364132157,155.661745316139,5.30092967254708,155.428902681387,145.805886042186,167.113994314703
"NAG","98",30720.4501348849,2270.56020166785,30598.2312784849,26726.4777453996,35442.5490673156,530.125002162022,52.554763990218,527.03026321238,438.794498482522,639.9568065558,1300.55477462794,216.29373683886,1271.2712309783,937.68425913775,1779.4690034957,13396.606589297,86.5719326085663,13398.1412010684,13212.3845821758,13558.4084077089,152.935271105457,3.16600662883473,153.039653683426,146.464373181453,158.957406135202
"NAG","99",7120.13912665905,2374.39016837275,6597.33781251846,4455.05318226561,13011.4894051909,638.070532084781,235.635969818009,584.497696096405,371.166724549497,1228.38535217384,136.675456740207,40.0875224552129,135.052831486098,61.9903287751265,218.284323482886,1277.2156354015,25.0091104359913,1275.47764011737,1233.74584561918,1332.06225614552,66.2834684977667,2.02267828422,66.2184596361612,62.4490146101436,70.4379876503601
"NAG","100",988.40766624056,499.238382320952,892.637646687213,577.927072065037,1954.59636651015,245.314710852008,161.622896648825,215.16413865238,111.276816349501,570.400682207632,509.400567110576,244.859270811335,466.092580347555,155.199747494425,1136.41913039487,379.611047834518,18.2203605206185,377.756332011393,348.964861078511,421.122496153108,59.8334897649108,5.50673174952284,60.0573745345364,48.4956964200291,71.048887700931
"NAG","101",3185.83092667506,2037.17772585589,2736.33677122489,1718.48217759914,7394.17826767094,939.444892635125,651.458172524882,796.925908951628,470.694667917235,2354.02956027014,113.713317321361,39.2184414960208,112.308393821953,36.6354821041367,193.53560152244,432.542241089388,7.82859110334928,432.630768294023,416.618385827898,447.57893099821,72.3103868710977,1.97732366492574,72.3327834212351,68.2063162397013,75.9808196251999
"NAG","102",530.005561183503,88.4407698130105,517.006262097719,394.502366370489,745.717103609673,320.150605858915,67.2145506583569,309.027253777489,216.760648977303,485.332476974169,441.928869336084,105.483096573199,432.759767794548,260.686583184583,681.20171235382,192.196490828967,4.01317747878394,192.025374604551,184.669449075288,200.68390653346,73.6833196573192,2.81393701843704,73.6859250859453,67.8145366328819,79.4472250055137
"NAG","103",8841.10460088259,596.023096786138,8803.2156369577,7772.97527850642,10150.7423192804,397.731444115217,37.8271959690648,396.131002494233,329.971529330324,480.251015556705,1845.19723708967,357.058120437797,1799.95266801544,1263.75988675086,2640.52657084863,4548.83753497991,32.7911001922883,4548.54256259098,4480.55089738735,4617.68696477437,141.644881831658,3.43803084318163,141.552200349272,134.763429346522,148.509636470103
"NAG","104",234196.126748682,220856.324004595,176407.35736228,100335.562142575,850889.673224199,4560.56697215852,4512.49376641672,3359.39588119424,1856.36024389591,17172.7164831137,119.859746287905,51.5617424382513,118.113269227519,22.3026319203726,224.487089769134,15045.30890097,98.3434826014459,15056.756339173,14829.6640033587,15214.7953446456,160.319650670998,3.02158335512673,160.046133343746,154.808030399136,166.79886846511
"NAG","105",28331.9297429737,1239.64168182044,28254.7686262796,26051.5319222848,31079.7225957353,613.671127961031,34.6802048165341,611.396839770297,550.363756712111,688.680836230116,1013.31750952009,86.0529629564083,1010.87412325763,848.015396850327,1199.13067935124,11059.0493437298,36.4550249672461,11057.7248014714,10986.987722277,11135.3998501669,154.587892070505,1.6295853980831,154.617605062225,151.394767335966,157.840442788484
"NAG","106",24409.9010449015,2581.1777713332,24105.1927997713,20100.1845199089,30093.0629897337,529.468674510722,77.3852068612856,519.646419703999,405.342373684999,704.615094316258,1692.68216704402,492.612443465846,1628.38297336867,1014.55615583976,2754.08186647304,11328.4471641751,110.226136474153,11329.1663117347,11094.0206992992,11546.1495804727,165.078140097992,5.28718020077427,164.961653209915,155.008659608423,175.928377641189
"NAG","107",35542.0609665059,5219.29485487191,34829.1698993663,27529.0069722112,48918.6885523316,775.536195950856,139.211403096072,753.122690323204,568.255471973538,1116.20627709796,555.071052676246,116.55870779082,550.01099180533,337.754173025814,812.594482883014,10393.1530095965,94.4290712975358,10395.6151305034,10199.0600773342,10574.5388362704,138.884957847107,3.59567994204998,138.755011656858,131.810831277367,146.535065600546
"NAG","108",427.139776364782,98.8369185881496,409.186434994863,291.437079595978,653.399542417293,313.769714473189,94.8199111414558,294.645984519196,186.64101452978,547.809456461667,644.527482488005,237.014138379236,612.218858494337,293.854744081051,1198.13264369364,170.913480765894,4.91883400925655,170.917508945475,160.502307354275,180.232181393143,81.1106500337822,4.76399422937112,80.6966393428245,72.4189724980845,91.3939318806423
"NAG","109",341.42131148318,99.5714800947549,322.762618024429,229.175207164299,526.702498455486,255.636138112464,97.9055192853445,238.627744348014,143.591059388564,440.141462331114,607.348165954724,226.811158190182,570.744687649517,264.846237410487,1147.70917147052,141.666974478489,4.79974462564624,141.60659294764,132.351020220913,151.36712480213,68.9725782920724,4.66569153804398,68.8382992919514,59.4579731008808,78.624860081848
"NAG","110",157.209368660633,43.8904011688754,146.156962245205,103.032109296558,267.234662054738,247.72805832355,88.1632592888142,225.809419894436,141.241293694976,468.929307976404,416.542431009403,144.89219671006,408.617545794603,178.786802831476,727.807971660143,58.913577017703,2.29471327166467,58.737436025314,54.6104500357907,63.3546238414356,59.0629114546273,4.07313011498735,59.0050100484051,51.4914333140834,67.1535369292891
"NAG","111",202.921959081327,31.6612897447614,197.251879288697,153.728738319633,276.325604268608,188.520092888782,44.2812137381515,182.368677328901,119.752065650753,284.454804276254,1998.93877514576,1216.21626718053,1701.64544907352,784.026035920842,5484.75610943727,120.479116103709,3.30601956770857,120.159572307008,114.779498360549,127.758468610278,81.1086304753848,5.72376695415584,81.1392606862857,70.107905023623,92.3946032659568
"NAG","112",510.226692162358,62.8504711142328,503.581731808321,408.721061499375,653.265013125538,292.673334551777,45.7499860574608,288.222370583061,219.130538515775,398.538989567093,428.819554212159,78.7361466436194,423.723845299575,286.894331430719,592.368397940595,190.057373982971,3.37329453396607,190.124700131069,183.155577331706,196.397067928178,69.6094085007441,2.25834581485277,69.5375692867367,65.2481404892098,73.9664917036954
"NAG","113",367.66930763977,61.451940723225,358.0735049609,277.690602712896,529.665014218373,352.200767206134,74.3238448688562,340.88633718173,242.416074172683,546.683957781077,531.59465805267,134.344806011384,516.921866019306,291.845454805188,839.578234786199,136.881379542515,2.7432871282015,136.593028412956,132.071072850169,143.156450957777,83.6441529451264,3.28159058820285,83.6005023810059,76.9141442931891,89.9504399361025
"NAG","114",150.302488688357,19.3363503609902,147.333631242324,120.11943742248,195.26724385531,156.611629900196,30.9450126982964,152.53754567365,107.758316014694,225.013673190988,1761.99304236446,857.607685088037,1613.74938999723,840.600850219577,3630.11438560967,91.6886021206333,2.36512831418205,91.415332761626,87.6039125098526,97.2866676734638,69.9666159561439,4.36362369888027,70.0558587737711,61.6847145635813,78.3282284210088
"NAG","115",14443.2854285799,770.563827151418,14402.513260792,13032.9010861068,16080.2501642554,238.950866592532,19.3845510363011,237.616306809793,203.315083527913,280.801889333507,2808.05045144862,622.822170173762,2698.82070344075,1861.04765900907,4236.74439347172,9055.37254597797,71.9503081395101,9056.92277674345,8899.94853309054,9191.60112601489,111.231290554052,2.84864273349043,111.11735704386,105.645973786089,117.232432449605
"NAG","116",5006.91707609264,534.369697803135,4947.95494964083,4140.47646982824,6248.13570167234,210.598455491122,32.2628945623725,206.555092342672,160.82837509599,286.634896379242,945.821789143708,207.388399750656,921.893235574601,584.982634196922,1408.66447639464,2544.04363534009,48.9046637353948,2545.23134685342,2445.42655467134,2636.83674973891,73.6793946428007,3.11410849165888,73.5534655091093,67.8652141609926,80.0730766696431
"NAG","117",14613.0175571386,26578.3930100936,10770.9067591282,6373.42995593258,36183.3182061612,748.210944026818,1549.32966223133,520.783515084061,266.347598184934,2125.18999383314,384.809943219464,209.892000915324,351.537999653806,77.7870249367137,854.635507981386,3141.75163601628,111.488102440424,3128.19883428863,2954.45287418424,3363.84938415003,93.8501560580258,6.18445439954778,93.8609421924998,81.7588993127038,105.531539693337
"NAG","118",8378.76798747321,460.028001750672,8331.56612032086,7584.66424597776,9400.30218738047,286.606382405632,22.5049641898802,285.702238638487,246.046205612713,335.712233026917,1527.18538263488,217.113168283404,1514.3986159189,1146.59386748342,2016.80536206275,4469.14610978733,33.9993856291232,4464.11264803058,4413.90500362045,4547.30051633012,107.016020872852,2.29599733850091,107.157715940867,102.364509284199,111.294318945938
"NAG","119",321.046306386411,74.2341083571415,307.645053371908,228.974950180129,502.848372520175,251.258619291027,82.8892044352553,235.095946989006,147.884163652892,457.810570835026,1385.95144931489,736.881592957228,1205.82001888102,493.712958751274,3348.09447003657,164.226679439887,5.30885653009676,163.567613515711,155.667843835258,175.829437897216,88.3964566584039,6.76453977086971,88.3043223989919,75.0883425653004,101.196645583695
"NAG","120",241.93879868088,49.3406629588521,233.845909665655,169.700693296891,357.321714832377,202.619163756586,58.4274594084153,193.135781092529,120.624535922044,343.669210582363,1200.88513289789,594.580649000896,1072.77889126336,487.445470214108,2804.44417806269,126.842945516207,4.56515071680066,126.712606189666,118.305823670409,136.017674272252,73.646091526779,5.73207216808065,73.7165572296215,62.4530335783874,84.8427208363283
"NAG","121",298.117544602275,68.173929408146,287.972596335877,203.443195916202,453.760839969913,255.079848905771,79.0214047704761,242.920342956664,145.411674661452,436.36307310581,960.449178017928,418.137019383757,886.752079647675,396.837027013776,2060.71140049028,140.115041480068,4.39179173885244,140.43636709167,131.360590285194,147.799199713689,80.5035000452507,5.57510661507607,80.3675466760244,69.7303261713884,91.3278064150745
"NAG","122",181.522749430198,39.1116209497308,174.194219436797,130.411652439738,279.198437704655,351.609837652271,101.005445217169,333.177558377833,213.582001738087,597.860260296556,982.342352103301,396.020645836869,916.56948081081,424.955950426322,1904.75288135071,79.2149352641422,1.96789192115144,79.0084661289709,75.8245822027642,83.7830540252855,101.159707726532,6.11685876634714,101.237773911864,88.8244228872486,113.154590895495
