"Enzyme","sample","RMSE","RMSEp1","RMSEp2","MAPE","MAPEp1","MAPEp2","biasPERCENT","biasPERCENTp1","biasPERCENTp2","biasMEANRES","biasMEANRESp1","biasMEANRESp2","Rsquared","PRSEmax","PRSE_Vmax","PRSE_Km","RMSEp1pdS","MAPEp1pdS","biasPERCENTp1pdS","biasMEANRESp1pdS","Sinhibition","INHbetter_aov_pvalue"
"AP","2",497079.157190127,516920.146692667,355492.884948936,14.8858887971661,16.8600416974025,3.04097139574769,-9.90899983853286,-12.0673283775796,3.04097139574769,-84162.9491240118,-133280.189680631,259657.734772326,0.980598247838391,10.0708127349278,2.98451544403996,10.0708127349278,498319.478548364,18.7091251450398,-13.3166765514689,-115331.264462903,TRUE,0.443818246144879
"AP","3",254665.826816045,254665.826816045,NA,17.4003862870941,17.4003862870941,NA,-11.6678341676862,-11.6678341676862,NA,-65945.6235020941,-65945.6235020941,NA,0.983864621656611,9.3781260306966,2.74451399969769,9.3781260306966,254665.826816045,17.4003862870941,-11.6678341676862,-65945.6235020941,FALSE,1
"AP","4",174227.636227212,174227.636227212,NA,12.3295482086922,12.3295482086922,NA,-7.35977081598323,-7.35977081598323,NA,-36518.9725406258,-36518.9725406258,NA,0.986548712818737,7.85971258405474,2.1530008944275,7.85971258405474,174227.636227212,12.3295482086922,-7.35977081598323,-36518.9725406258,FALSE,1
"AP","6",254385.343670465,254385.343670465,NA,21.5935478975352,21.5935478975352,NA,-16.3180295772727,-16.3180295772727,NA,-82026.2597501753,-82026.2597501753,NA,0.988006789466275,9.69158355593005,3.03142431127477,9.69158355593005,254385.343670465,21.5935478975352,-16.3180295772727,-82026.2597501753,FALSE,1
"AP","7",205650.22485036,205650.22485036,NA,22.4059064421767,22.4059064421767,NA,-16.3456063434395,-16.3456063434395,NA,-58663.0566253185,-58663.0566253185,NA,0.979601561386247,11.8824836107224,3.66872611452219,11.8824836107224,205650.22485036,22.4059064421767,-16.3456063434395,-58663.0566253185,FALSE,1
"AP","8",447343.439684133,447343.439684133,NA,22.0775512117787,22.0775512117787,NA,-15.347308155287,-15.347308155287,NA,-122539.300115426,-122539.300115426,NA,0.978016007094001,11.7937613725793,3.58063398784086,11.7937613725793,447343.439684133,22.0775512117787,-15.347308155287,-122539.300115426,FALSE,1
"AP","9",96678.2467077012,93136.714236254,115672.375582816,2.20062314047523,2.22467599698981,2.05630600138776,-0.203198836313544,-0.523672239844821,1.71964158487412,-2174.90519662958,-12685.4365872758,71398.8145378941,0.996013786803108,3.88557694678536,0.753184195189696,3.88557694678536,90708.7274182974,2.12584084006648,-0.363409337719506,-3462.9692672183,TRUE,0.513518310715342
"AP","10",30644.31465167,30644.31465167,NA,4.4248258889789,4.4248258889789,NA,-0.265379035183828,-0.265379035183828,NA,-905.11085774329,-905.11085774329,NA,0.987514387661978,7.05194316044516,1.26756478296895,7.05194316044516,30644.31465167,4.4248258889789,-0.265379035183828,-905.11085774329,FALSE,1
"AP","11",97534.9019358386,104461.448510041,33440.0107736282,4.26492085248468,4.73654652965379,1.43516678947,-0.778129006348729,-0.989166583386637,0.48809645587872,-4368.29165614879,-6409.55576920541,9920.55713524755,0.983573531187677,7.85871347847789,1.56459573361116,7.85871347847789,104416.799608726,4.82271303131457,-0.951870460536288,-5185.07349879747,TRUE,1
"AP","12",260654.931483003,260654.931483003,NA,5.49974549244002,5.49974549244002,NA,-3.82704906745662,-3.82704906745662,NA,-37092.3060558713,-37092.3060558713,NA,0.998032430673842,3.16557448243677,0.930897123444188,3.16557448243677,260654.931483003,5.49974549244002,-3.82704906745662,-37092.3060558713,FALSE,0.0190333408216084
"AP","13",1087027.37214755,895650.619203246,1859639.57919568,6.59514039971199,6.83220481740008,5.17275389358343,-3.58484748896306,-4.82222404617356,3.83941185429992,-90579.4900823988,-277940.444633914,1220947.19177821,0.993456959186835,5.53951088677953,1.60387932354438,5.53951088677953,665177.493161456,8.10904429920754,-6.13230040106135,-170159.365738057,TRUE,0.00920723766911773
"AP","14",87308.9746675716,83901.2998312348,105467.67619652,10.3791461315948,10.2958361445832,10.8790060536644,0.564952964757088,0.356326012754022,1.81671467677548,-1674.34386787703,-2558.88533973085,4517.4464350997,0.936284578824894,15.9133225501087,3.06408102288114,15.9133225501087,83890.404246753,10.2926039614577,0.400718110658046,-1988.47262267524,TRUE,1
"AP","15",179361.993449695,164405.61026903,251037.536500316,6.72119655209248,6.87337579643621,5.80812108603011,-2.79088787246221,-4.22405603221093,5.80812108603011,-10179.6037818735,-44056.8021736534,226960.784960586,0.987740474210669,7.3853070315348,2.09513228491314,7.3853070315348,123910.497072869,9.0705565799401,-6.03633339464824,-23893.8952697969,TRUE,0.00716115525170448
"AP","16",110916.54053969,98246.5672550855,167937.562482611,6.75742706731917,7.21732217886264,3.99805639805835,-3.95230338372334,-5.15960515874206,3.29150726638902,-12097.2094445348,-31114.5782925894,121024.372491847,0.99470527082236,4.93685199884118,1.41356028596392,4.93685199884118,79209.8100632607,8.43787654392352,-6.17455532014309,-20187.8823414238,TRUE,0.0156318397307032
"AP","17",426739.249515835,356963.100057435,714289.003643258,4.07578865860467,4.05009809921954,4.22993201491547,-1.60378782412079,-2.55041195469333,4.0759569593145,-18249.2073961491,-102448.948229518,571148.978437432,0.994475906005142,4.86625262131958,1.35299261317943,4.86625262131958,245018.565354235,5.07115951801268,-3.60759642510469,-47639.7726656036,TRUE,0.00251587722024204
"AP","18",550004.542626116,449832.151439388,950495.23489285,4.91433735469564,4.84456156010931,5.33299212221366,-1.59439435130905,-2.74895876356283,5.33299212221366,-12477.7157148949,-124631.018930384,772595.406793529,0.991819763382871,6.21818999616157,1.80779250850718,6.21818999616157,239347.847319284,6.05258737376991,-4.68467020759423,-54472.7378432373,TRUE,5.3206612725622e-05
"AP","19",173995.556513098,173593.07991336,176391.131980271,8.65954983056167,9.60953985304065,2.9596096956878,-5.45125124116007,-6.85306139730138,2.9596096956878,-29557.96290814,-54592.2315048192,145681.917268614,0.992684261661643,5.74084766831588,1.58790688789218,5.74084766831588,160215.204579205,10.6534197679228,-7.57164200182515,-41753.5397291176,TRUE,0.30085114521175
"AP","20",255123.012059897,237008.763161613,344347.696500523,6.94394570074515,7.46490647642945,3.8181810466393,-3.70250727042306,-4.95595532326679,3.8181810466393,-24560.8975730133,-68917.5542347216,285935.699058945,0.993094216567673,5.54455199749221,1.5669688327444,5.54455199749221,195290.629324318,8.64313758020038,-6.02945335727088,-42710.981426937,TRUE,0.0172906597630936
"AP","21",109393.264851014,109393.264851014,NA,7.86122289685714,7.86122289685714,NA,-5.48364471094622,-5.48364471094622,NA,-22557.4638931599,-22557.4638931599,NA,0.997244868454631,3.76935113229913,1.09337299953247,3.76935113229913,109393.264851014,7.86122289685714,-5.48364471094622,-22557.4638931599,FALSE,0.242856656176949
"AP","22",59396.1153354535,52355.6467378059,90821.8428936229,7.44123216138187,7.95645729708312,4.34988134717439,-4.65825337222647,-5.89699037943606,2.77416867103108,-7829.60704795588,-16583.861158743,53450.1717275541,0.994689914455342,5.00979611374785,1.44326998023569,5.00979611374785,45425.4616685576,8.9817288455819,-6.78540803311827,-11885.4848513736,TRUE,0.075942479977442
"AP","23",382913.432088423,319491.858348775,643357.280217785,3.19964218998943,3.18963380021477,3.25969252863736,-1.24201292421189,-1.99229716635343,3.25969252863736,-20578.6657918049,-104315.701331856,565580.582988551,0.996948785682466,3.54882877259653,0.953485342006359,3.54882877259653,206842.964062364,3.85625757845877,-2.66047007154544,-48009.6797625951,TRUE,0.00180748693946949
"AP","24",378432.274089518,378432.274089518,NA,5.92243419835117,5.92243419835117,NA,-3.50499136184031,-3.50499136184031,NA,-26461.2704019315,-26461.2704019315,NA,0.995591302244835,4.7416419877362,1.40781878731013,4.7416419877362,378432.274089518,5.92243419835117,-3.50499136184031,-26461.2704019315,FALSE,0.000422137864584558
"AP","25",431649.69596553,405418.530208679,563972.616685019,4.81183953589112,4.96466208748797,3.89490422631004,-0.645770327892854,-1.40254942026,3.89490422631004,-16849.9400697952,-98525.0096055384,554875.546680408,0.994088728893815,4.84198632798638,1.23289303745576,4.84198632798638,338892.7571621,4.26265933684021,-1.94020344434533,-41254.5039089613,TRUE,0.0331345679655552
"AP","26",267056.938845204,267056.938845204,NA,5.41268130976159,5.41268130976159,NA,-2.2992004158795,-2.2992004158795,NA,-7311.34242967545,-7311.34242967545,NA,0.995339611623365,5.02853144521247,1.5158983549004,5.02853144521247,267056.938845204,5.41268130976159,-2.2992004158795,-7311.34242967545,FALSE,2.44224994494369e-06
"AP","27",179593.921494782,186421.64274987,131376.037205252,5.49507926513262,6.09784890449319,1.87846142896917,-2.45481162173586,-3.17702379685337,1.87846142896917,-22351.5026536962,-41402.8755034268,111008.107294418,0.993968254316126,4.91934179587622,1.19169191636077,4.91934179587622,181551.168026509,6.44475888517934,-3.32099177114454,-30009.083890103,TRUE,1
"AP","28",465539.586074352,465539.586074352,NA,4.64414175658666,4.64414175658666,NA,-1.93341948903865,-1.93341948903865,NA,-9103.20408811696,-9103.20408811696,NA,0.997080999150556,4.05311961611254,1.23178363942822,4.05311961611254,465539.586074352,4.64414175658666,-1.93341948903865,-9103.20408811696,FALSE,2.72804996094339e-06
"AP","29",364126.765156036,331959.776361006,516656.896780733,7.60352875938006,7.86183283688833,6.05370429433038,-2.67637039233357,-4.13138284011089,6.05370429433038,-8633.81360831591,-82222.1832678281,506484.774008269,0.988943638385631,7.63704646096003,2.28544726817205,7.63704646096003,197735.712875297,9.76089414786635,-6.97156317740484,-39816.7124511248,TRUE,5.08889350123996e-06
"AP","30",179617.921923235,179617.921923235,NA,3.18687628234579,3.18687628234579,NA,-0.256920211358932,-0.256920211358932,NA,4740.32012856163,4740.32012856163,NA,0.998161223971424,3.2331857134535,0.983748238962212,3.2331857134535,179617.921923235,3.18687628234579,-0.256920211358932,4740.32012856163,FALSE,0.000353897159658467
"AP","31",33081.398315994,28360.5344382563,42655.9071739925,11.236557603727,8.26020206244453,18.677446456933,2.42940203397689,-3.10654982989354,16.269281693653,205.786982881712,-9741.82834966271,30048.632980515,0.866665070891721,26.7308656047251,4.20370272238333,26.7308656047251,16787.9927151165,6.88195997505435,-0.532543556532739,-590.19028394419,TRUE,0.000376156770820226
"AP","32",296345.338662851,296345.338662851,NA,2.29562466575273,2.29562466575273,NA,0.312579369238032,0.312579369238032,NA,9478.58958585335,9478.58958585335,NA,0.997351678936415,3.77019371619671,1.13209345527231,3.77019371619671,296345.338662851,2.29562466575273,0.312579369238032,9478.58958585335,FALSE,5.43569907043755e-07
"AP","33",214576.36593761,214576.36593761,NA,3.80576528369982,3.80576528369982,NA,1.13224650470912,1.13224650470912,NA,12568.0161429902,12568.0161429902,NA,0.995661005325415,4.7837315701808,1.42623990012709,4.7837315701808,214576.36593761,3.80576528369982,1.13224650470912,12568.0161429902,FALSE,2.57505237737397e-06
"AP","34",268985.550807051,268985.550807051,NA,5.24321838695135,5.24321838695135,NA,-3.32609704155095,-3.32609704155095,NA,-31542.9168812909,-31542.9168812909,NA,0.998607056892807,2.6915700626685,0.798880996312275,2.6915700626685,268985.550807051,5.24321838695135,-3.32609704155095,-31542.9168812909,FALSE,0.0172013953068508
"AP","35",466664.881415339,466664.881415339,NA,7.23712612043581,7.23712612043581,NA,-5.05008070680798,-5.05008070680798,NA,-102232.808876132,-102232.808876132,NA,0.996751979471753,3.96246720958792,1.0980585610156,3.96246720958792,466664.881415339,7.23712612043581,-5.05008070680798,-102232.808876132,FALSE,0.971918613196119
"AP","36",1012646.85611053,958548.30587761,1290459.78555273,5.29533468839429,5.43286988836423,4.47012348857468,3.13655954321095,2.91429888565032,4.47012348857468,67289.8687228734,-95095.925555278,1203990.42866993,0.991793477930093,6.76565263294747,2.03797702961488,6.76565263294747,716218.635782393,3.69572764851456,0.353921785774475,9101.73580696188,TRUE,7.07965461838111e-05
"AP","37",381351.744006596,381351.744006596,NA,10.2890426016545,10.2890426016545,NA,-7.27722422750695,-7.27722422750695,NA,-100884.28877444,-100884.28877444,NA,0.993630026806264,5.698553259968,1.56823632833268,5.698553259968,381351.744006596,10.2890426016545,-7.27722422750695,-100884.28877444,FALSE,1
"AP","38",369519.250790295,336725.697947737,524886.809685669,5.61730734063537,5.93000054639744,3.74114810606295,-2.85821964185976,-3.95811426651354,3.74114810606295,-28300.7167705491,-104938.861169758,508166.294023914,0.995460957739015,4.59033376343524,1.32458313698345,4.59033376343524,228407.603688264,6.91300408112068,-5.26904134957581,-59217.3634476711,TRUE,0.000626794105239234
"AP","39",500172.619030542,500172.619030542,NA,2.53762704569932,2.53762704569932,NA,-0.114751621262958,-0.114751621262958,NA,11232.6887516538,11232.6887516538,NA,0.997493315669452,3.68279904906097,1.10851052179406,3.68279904906097,500172.619030542,2.53762704569932,-0.114751621262958,11232.6887516538,FALSE,3.14055939511676e-05
"AP","40",528736.833125233,528736.833125233,NA,14.5315157109775,14.5315157109775,NA,-10.8454285160618,-10.8454285160618,NA,-153051.473324774,-153051.473324774,NA,0.991882494669982,6.91577564287673,2.03325314671266,6.91577564287673,528736.833125233,14.5315157109775,-10.8454285160618,-153051.473324774,FALSE,1
"AP","41",395168.428584578,395168.428584578,NA,14.2362955586202,14.2362955586202,NA,-9.48664408007927,-9.48664408007927,NA,-103118.262071201,-103118.262071201,NA,0.987476086617201,7.96704446436998,2.23800635892835,7.96704446436998,395168.428584578,14.2362955586202,-9.48664408007927,-103118.262071201,FALSE,1
"AP","42",289680.851143916,289680.851143916,NA,14.2501846289505,14.2501846289505,NA,-10.1837532294903,-10.1837532294903,NA,-80145.7017924999,-80145.7017924999,NA,0.99163263289432,6.85017899300599,1.99375491178794,6.85017899300599,289680.851143916,14.2501846289505,-10.1837532294903,-80145.7017924999,FALSE,1
"AP","43",145478.36077854,113621.966362148,265872.087184175,6.13681501842237,5.89872064662787,7.56538124918936,-0.936822616200866,-2.14178226291957,6.29293526411136,716.993694878142,-26662.4302131913,192372.961051364,0.988127873818812,7.86249376249822,2.34208127035166,7.86249376249822,54476.5940965085,7.14106728175453,-4.87215661070953,-9804.65127903217,TRUE,1.56071919556012e-05
"AP","44",58855.4104581211,59885.1736620146,52252.3801771698,5.73986436042272,6.32847854978288,2.20817922426173,-3.29843549311691,-4.21620461268001,2.20817922426173,-9019.65654520443,-17748.3330820448,52081.0792126783,0.996137102013739,4.07666437726679,1.07795191578334,4.07666437726679,55624.0568744097,6.88799186568944,-4.61820270415837,-12767.8146603649,TRUE,0.388599721678051
"AP","45",237489.788354063,237489.788354063,NA,8.63772570008785,8.63772570008785,NA,-5.76030358219239,-5.76030358219239,NA,-38672.0730527041,-38672.0730527041,NA,0.995528784579461,4.8439330596851,1.43297017705893,4.8439330596851,237489.788354063,8.63772570008785,-5.76030358219239,-38672.0730527041,FALSE,1
"AP","46",720261.216084603,720261.216084603,NA,12.3736338885885,12.3736338885885,NA,-9.27729807305222,-9.27729807305222,NA,-172537.235484481,-172537.235484481,NA,0.99438063849442,5.92771750940813,1.79928484506734,5.92771750940813,720261.216084603,12.3736338885885,-9.27729807305222,-172537.235484481,FALSE,1
"AP","47",576747.50134367,576747.50134367,NA,3.83389975674038,3.83389975674038,NA,-2.05238676581588,-2.05238676581588,NA,-30608.0610130177,-30608.0610130177,NA,0.997822311208911,3.44193407786683,1.03792527731265,3.44193407786683,576747.50134367,3.83389975674038,-2.05238676581588,-30608.0610130177,FALSE,0.0209371234322798
"AP","48",600345.551711563,600345.551711563,NA,14.0639722127095,14.0639722127095,NA,-10.0308317745039,-10.0308317745039,NA,-164971.645843509,-164971.645843509,NA,0.99034958809385,7.23364707109508,2.08054139079354,7.23364707109508,600345.551711563,14.0639722127095,-10.0308317745039,-164971.645843509,FALSE,1
"AP","49",1096922.94358274,1096922.94358274,NA,10.1098498724446,10.1098498724446,NA,-5.7256603618924,-5.7256603618924,NA,-99994.8158471741,-99994.8158471741,NA,0.988204210877874,8.07542054623225,2.44049744362905,8.07542054623225,1096922.94358274,10.1098498724446,-5.7256603618924,-99994.8158471741,FALSE,0.122519169777054
"AP","50",352253.740102051,352253.740102051,NA,4.31613997001158,4.31613997001158,NA,-2.8846344592358,-2.8846344592358,NA,-35955.7173660602,-35955.7173660602,NA,0.998251082492223,3.07045911440718,0.920992437832752,3.07045911440718,352253.740102051,4.31613997001158,-2.8846344592358,-35955.7173660602,FALSE,0.0718335040104767
"AP","51",255889.852676052,255889.852676052,NA,7.66930505979516,7.66930505979516,NA,-5.41736187621645,-5.41736187621645,NA,-55005.4134891985,-55005.4134891985,NA,0.997238396762891,3.76547387338375,1.08578482495872,3.76547387338375,255889.852676052,7.66930505979516,-5.41736187621645,-55005.4134891985,FALSE,1
"AP","52",230479.869868052,230479.869868052,NA,4.37051571783038,4.37051571783038,NA,-2.5434736602771,-2.5434736602771,NA,-28160.2307436737,-28160.2307436737,NA,0.998530473562433,2.63872880922544,0.76034780544894,2.63872880922544,230479.869868052,4.37051571783038,-2.5434736602771,-28160.2307436737,FALSE,0.657993102655294
"AP","53",213346.256827531,213346.256827531,NA,5.93940654292674,5.93940654292674,NA,-3.9644327628984,-3.9644327628984,NA,-23930.2739486177,-23930.2739486177,NA,0.997331097452051,3.90019787061126,1.18369830762668,3.90019787061126,213346.256827531,5.93940654292674,-3.9644327628984,-23930.2739486177,FALSE,0.447014157623567
"AP","54",323855.320543203,323855.320543203,NA,5.47808914637141,5.47808914637141,NA,-3.78605413913451,-3.78605413913451,NA,-62214.7414845993,-62214.7414845993,NA,0.998334890860634,2.86827924278931,0.820531596956611,2.86827924278931,323855.320543203,5.47808914637141,-3.78605413913451,-62214.7414845993,FALSE,1
"AP","55",40676.7528509062,35203.2052407624,64394.0494309566,8.25016666576467,7.36411423897937,13.5664812264765,-0.282160646895792,-2.59026762579117,13.5664812264765,-972.881655731583,-10276.0688241962,64149.4285235204,0.956190807867381,12.9501839100328,2.63454764520421,12.9501839100328,28692.9830675189,7.62152676375312,-2.01059474606861,-2653.86352107804,TRUE,0.0207896137063234
"AP","56",1356548.48590158,1356548.48590158,NA,18.0275712936725,18.0275712936725,NA,-14.752841089605,-14.752841089605,NA,-455293.831262763,-455293.831262763,NA,0.994649972706001,7.04025945642652,2.27484699620235,7.04025945642652,1356548.48590158,18.0275712936725,-14.752841089605,-455293.831262763,FALSE,1
"AP","57",1610393.20035882,1610393.20035882,NA,16.1350284654011,16.1350284654011,NA,-12.3116466667635,-12.3116466667635,NA,-465392.366652862,-465392.366652862,NA,0.992138804750445,7.28450983471968,2.22064837858592,7.28450983471968,1610393.20035882,16.1350284654011,-12.3116466667635,-465392.366652862,FALSE,1
"AP","58",894350.070604745,894350.070604745,NA,16.2113750541821,16.2113750541821,NA,-13.804807906683,-13.804807906683,NA,-318357.658307068,-318357.658307068,NA,0.996952800750689,5.67941758662383,1.88152565585777,5.67941758662383,894350.070604745,16.2113750541821,-13.804807906683,-318357.658307068,FALSE,1
"AP","59",51346.1922508182,53428.1732146037,36436.2738532321,7.49267130448165,8.26588796051385,2.85337136828843,-2.94566785369795,-3.43774703186279,0.00680721529106645,-6274.66044005656,-7024.79597460586,-1023.7116982115,0.986601004528082,7.26357900481001,1.72210480850236,7.26357900481001,53426.7795103262,8.24722334163862,-3.43199300797434,-7126.62511079038,TRUE,1
"AP","60",17992.6282540742,12944.4611995022,35507.58011964,8.67240257760218,6.37823719153658,22.4373948939958,1.47076258734422,-2.02367613043104,22.4373948939958,67.232633165544,-4810.86442955733,34213.9120722257,0.930849625952775,17.3029539461601,3.07474585012205,17.3029539461601,8607.63247720494,5.45128639721685,-0.189004532937799,-293.523359439654,TRUE,0.000547910946750365
"AP","61",25460.7728533339,22309.7591565206,39387.8732390023,13.4438362116866,13.387398993058,13.7824595234582,3.68917001499883,2.00695509692226,13.7824595234582,287.547823153129,-5064.15872083618,37749.4936310783,0.957798936884317,13.5599319821985,3.67197869824188,13.5599319821985,14941.7269185151,12.8005262136972,-1.27646873650932,-1302.87262770673,TRUE,0.000248801457631599
"AP","62",7549.71421012817,7433.54063610253,7832.61324971878,9.73434149704498,10.162812038227,8.66316514408982,2.70218451550202,0.498476942574275,8.21145344782138,224.345303110078,-1681.80717444617,5942.80273577882,0.94261316431589,15.3144820812414,3.27458917048473,15.3144820812414,3869.81534884537,6.69954592470863,-2.04346290214336,-319.278701188792,TRUE,0.000120768122886782
"AP","63",355523.455507911,380773.422144577,121852.771178364,9.20582356378756,10.4631070175432,1.66212284125374,-4.05963450302887,-4.69154211326753,-0.26818884159691,-51170.4256424399,-55489.6463907864,-20935.8804040144,0.982382715149787,8.41654205523674,2.04624253448054,8.41654205523674,380683.581853232,10.4011262561452,-4.65985588790538,-57387.6686369753,TRUE,1
"AP","64",144939.48153029,155567.55631219,42948.6400507203,7.06405545169754,8.04360474624271,1.1867596844265,-2.43409776307874,-2.71503515615319,-0.748473404632015,-16507.3484019001,-15172.2485447042,-25853.0474022718,0.986707767248082,7.16144671960117,1.61405991217484,7.16144671960117,155296.133704626,7.87306942503427,-2.70411105295888,-17897.377864144,TRUE,1
"AP","65",379461.731068208,379461.731068208,NA,8.04200940486591,8.04200940486591,NA,-5.26857442187214,-5.26857442187214,NA,-76846.5063457269,-76846.5063457269,NA,0.994387675270119,5.07924143804685,1.37730081562033,5.07924143804685,379461.731068208,8.04200940486591,-5.26857442187214,-76846.5063457269,FALSE,1
"AP","66",616238.591374933,616238.591374933,NA,2.14741674989854,2.14741674989854,NA,-0.57212223642625,-0.57212223642625,NA,-11971.7902893264,-11971.7902893264,NA,0.998614104081403,2.48058080339334,0.704511877399483,2.48058080339334,616238.591374933,2.14741674989854,-0.57212223642625,-11971.7902893264,FALSE,0.0010516130667749
"AP","67",142367.964593414,142367.964593414,NA,9.77128587860191,9.77128587860191,NA,-6.69255636887125,-6.69255636887125,NA,-27694.3843144927,-27694.3843144927,NA,0.995056903024397,5.08399798448649,1.49149230858239,5.08399798448649,142367.964593414,9.77128587860191,-6.69255636887125,-27694.3843144927,FALSE,0.484986332183432
"AP","68",125825.966149778,133499.144892479,62394.6005719873,6.04525868264998,6.84575047371507,1.2423079362594,-3.27063711685323,-4.02279462570533,1.2423079362594,-18685.7149401072,-29132.6345053,54442.7220162423,0.994759009126742,4.70408018063488,1.22024332051485,4.70408018063488,131549.626520323,7.17997316273026,-4.23095781511347,-23981.731645331,TRUE,1
"AP","69",52820.3233294145,50666.1949519514,64245.8250076403,10.0873062542925,11.160466522148,3.64834464716003,-5.57348745326783,-7.08456968245246,3.49300592183993,-7917.62934604606,-14916.9130624814,41077.3566690013,0.988872112037889,7.03087467002867,1.95534816714508,7.03087467002867,46956.5132412425,11.8328930079356,-7.93094015650319,-11336.7580492703,TRUE,0.274702438438012
"AP","70",229315.993654065,229315.993654065,NA,9.70144108703444,9.70144108703444,NA,-6.35510881190891,-6.35510881190891,NA,-39783.919124448,-39783.919124448,NA,0.992198954834134,6.06331810321433,1.72462131819282,6.06331810321433,229315.993654065,9.70144108703444,-6.35510881190891,-39783.919124448,FALSE,1
"AP","71",88428.978203104,88428.978203104,NA,9.92906919808603,9.92906919808603,NA,-5.35120006392872,-5.35120006392872,NA,-16307.1862858247,-16307.1862858247,NA,0.986629869592185,7.57352180165151,1.94403406983312,7.57352180165151,88428.978203104,9.92906919808603,-5.35120006392872,-16307.1862858247,FALSE,1
"AP","72",141040.600657536,148415.441440901,84168.2700801493,10.0604657501246,11.2650218319994,2.83312925887611,-4.78675374046084,-6.05673424035033,2.83312925887611,-19619.3448615926,-32437.975620138,70111.0704482257,0.979705473606172,9.1012960202323,2.32081446304099,9.1012960202323,145509.766048171,11.9670836055912,-6.46616801852384,-26220.3825495226,TRUE,1
"AP","73",51469.8760619759,53767.902648041,34613.7669407825,5.31573811550591,5.8713248741893,1.98221756340553,-1.80460758663976,-2.16822553298507,0.377100091432079,-5113.27801159765,-6488.72051399106,4514.81950515625,0.990391185948709,6.05866980067422,1.33972914300167,6.05866980067422,53745.5800054327,5.90331225737714,-2.16464576292175,-5984.15828885001,TRUE,1
"AP","74",14405.917166034,14405.917166034,NA,16.8805678820528,16.8805678820528,NA,-10.5334726541475,-10.5334726541475,NA,-2384.63141304312,-2384.63141304312,NA,0.973664528623744,11.8012842788186,3.51151488967206,11.8012842788186,14405.917166034,16.8805678820528,-10.5334726541475,-2384.63141304312,FALSE,1
"AP","75",460325.603159196,404841.626635853,707048.209476669,7.63840233015909,7.15251102178016,10.5537501804327,1.23768472701531,0.558802481238145,5.31097820167833,4278.4070777933,-27229.3661394494,224832.819598492,0.957038881013888,12.9878779502928,2.66057070955778,12.9878779502928,398938.555962617,7.11104445459682,0.836664796013123,1542.42979117036,TRUE,0.269026704331649
"AP","76",107165.954906897,112983.690197654,61643.3916464127,6.34865363825832,6.99881813059407,2.44766668424381,-1.33580953287757,-1.45803371515506,-0.60246443921264,-7129.17463108855,-6046.57172454499,-14707.3949768934,0.981009436688648,8.42461805020858,1.77550003721812,8.42461805020858,112880.779434565,6.91880423199183,-1.48753883220261,-7745.33254901166,TRUE,1
"AP","77",23292.049873885,18945.6323283156,40546.4573714462,16.3014109892633,12.7713954470518,37.4815042425321,1.58725032657424,-2.60985715861055,26.769895237683,-504.167424433226,-3414.40428654489,19867.4906103484,0.82289206648104,27.8363419724404,6.11167999935395,27.8363419724404,17613.8222922165,15.1023795089415,-2.89894230440922,-1330.65339173998,TRUE,0.237068539838793
"AP","78",57985.7787965728,57985.7787965728,NA,6.05959167529406,6.05959167529406,NA,-1.81176237739775,-1.81176237739775,NA,-5144.61136954386,-5144.61136954386,NA,0.988793919858057,6.5330702284072,1.47144757327723,6.5330702284072,57985.7787965728,6.05959167529406,-1.81176237739775,-5144.61136954386,FALSE,1
"AP","79",99521.61046911,101556.133973599,86313.1888333125,8.01240889560581,8.87981096551055,2.80799647617734,-2.17552106871744,-2.1514320987009,-2.32005488881668,-9507.38595104599,-4151.72132665442,-46997.0383217869,0.978727352775816,8.96324631231957,1.95127868105658,8.96324631231957,100266.224578208,8.31000304307366,-2.19117501904513,-9244.17517863663,TRUE,1
"AP","80",899027.112595832,899027.112595832,NA,16.4976209226585,16.4976209226585,NA,-10.6443581030201,-10.6443581030201,NA,-228829.475781954,-228829.475781954,NA,0.982473578253053,9.42461857164589,2.68255369494123,9.42461857164589,899027.112595832,16.4976209226585,-10.6443581030201,-228829.475781954,FALSE,1
"AP","81",349031.896539672,349031.896539672,NA,20.2339593081222,20.2339593081222,NA,-14.0973300856488,-14.0973300856488,NA,-104333.08332617,-104333.08332617,NA,0.976766060932232,11.5113322709839,3.36935256832248,11.5113322709839,349031.896539672,20.2339593081222,-14.0973300856488,-104333.08332617,FALSE,1
"AP","82",323504.140579564,323504.140579564,NA,19.8841432983302,19.8841432983302,NA,-13.9934446317542,-13.9934446317542,NA,-77126.4109104215,-77126.4109104215,NA,0.97734793901117,11.542240437584,3.47682390603519,11.542240437584,323504.140579564,19.8841432983302,-13.9934446317542,-77126.4109104215,FALSE,1
"AP","83",227845.187128964,227845.187128964,NA,20.7830009100951,20.7830009100951,NA,-16.4677344351908,-16.4677344351908,NA,-77313.2929269098,-77313.2929269098,NA,0.987430463102562,9.7499777419351,3.00411530799891,9.7499777419351,227845.187128964,20.7830009100951,-16.4677344351908,-77313.2929269098,FALSE,1
"AP","84",36327.6269418224,25499.3739305243,54711.904556166,14.1588446412174,9.1813425003041,26.6025999935005,3.66240890972019,-3.66867655555443,21.9901225729067,237.041279942207,-10457.544467649,32320.7985227159,0.829371203941923,33.8959384390403,4.69639054501623,33.8959384390403,11066.3453312957,4.33384203295042,-0.0149371415735474,-138.955067912028,TRUE,1.08577177721667e-06
"AP","85",20398.5989961479,16231.4116854177,36496.130414476,8.44436432903571,7.8600575755672,11.9502048498467,-1.81541702893149,-3.3976395616754,7.67791816753199,-1156.05834755166,-4149.90306679446,19800.854687148,0.970680045223755,10.6167893501731,2.49265797984363,10.6167893501731,14488.3631498621,8.69503714108018,-3.72348294627223,-2078.25341807404,TRUE,0.184904558059945
"AP","86",59923.4042813571,56027.3669979211,79380.7630874785,8.01756179533082,8.52257926854266,4.98745695605973,-4.34656643788483,-5.90223700354226,4.98745695605973,-4483.65000738214,-15439.34329086,72206.202976963,0.989896404257103,6.89590773599149,2.00058955829165,6.89590773599149,43343.4529429884,10.1959252369208,-7.52202876317993,-8922.80381647965,TRUE,0.00114635156924511
"AP","87",39425.7512750638,39425.7512750638,NA,12.14863900827,12.14863900827,NA,-2.59524977238959,-2.59524977238959,NA,-1735.00406791564,-1735.00406791564,NA,0.94077887541096,15.8056683653023,4.20324922674835,15.8056683653023,39425.7512750638,12.14863900827,-2.59524977238959,-1735.00406791564,FALSE,0.699283433432066
"AP","88",109978.329962205,79109.9353595461,217062.986695981,15.3817635920255,10.9736017215913,41.8307348146308,3.06741401624121,-2.8775601430613,38.7372589720563,-1554.1004055157,-18069.6826369323,114054.9752144,0.835977187243195,26.8343096406091,6.02385466283999,26.8343096406091,67928.8897555308,12.8888369395347,-3.45138248258268,-5899.44116274295,TRUE,0.112270615819892
"AP","89",56484.5117061947,44466.7077728086,102321.903021282,8.01090921555659,6.72691948083799,15.7148476238682,0.6231069298571,-1.89218318581141,15.7148476238682,-560.929365781437,-10144.8639662972,66526.6128378289,0.932005553213064,16.3842799691622,3.42223272996855,16.3842799691622,39012.6908880506,7.7827801355175,-1.3928032577378,-2130.29527196625,TRUE,0.0442778026744121
"AP","90",87792.3505195716,68656.1918819177,160219.978672758,8.03914963924683,7.62792312377128,10.5065087321002,-1.99246836533537,-3.281950583372,5.74442494288439,-5452.53809248064,-14742.6587544666,59578.3065414209,0.972159055117429,10.3624134660419,2.45841296766271,10.3624134660419,64932.315368415,8.17421826162762,-3.5516249565793,-8607.06022548769,TRUE,0.505594298791275
"AP","91",204763.858300927,181917.62643023,308112.847554144,4.96558259667427,4.83981770366856,5.72017195470852,0.0980631846763385,-0.838954943662359,5.72017195470852,1967.39707899455,-40178.0615871047,296985.60774169,0.990618599076575,6.19834551123534,1.63190516901419,6.19834551123534,134079.813866202,4.98607508786811,-1.73217756233294,-8624.92245844467,TRUE,1.45262659811281e-05
"AP","92",304266.267429726,311538.582177356,256335.720021342,11.8233957217554,13.2951900405424,2.99262980903338,-7.89490578840136,-9.64940213555704,2.63207229453273,-63576.3784959734,-100424.944312101,194363.582216919,0.990457593884108,6.82677476217013,1.94681704527501,6.82677476217013,296815.695983623,14.0343189448781,-10.4368009166886,-84875.1638534924,TRUE,0.523371450049236
"AP","93",224738.138926561,224738.138926561,NA,5.48858226928651,5.48858226928651,NA,-2.13215411144806,-2.13215411144806,NA,-7442.32794059401,-7442.32794059401,NA,0.994564838104653,5.28784533315295,1.57468074606844,5.28784533315295,224738.138926561,5.48858226928651,-2.13215411144806,-7442.32794059401,FALSE,0.00138239423726716
"AP","94",202314.23925195,202314.23925195,NA,4.50671082798806,4.50671082798806,NA,-2.88589248926183,-2.88589248926183,NA,-19859.1269090107,-19859.1269090107,NA,0.998364622301515,2.93157187585881,0.874403591256199,2.93157187585881,202314.23925195,4.50671082798806,-2.88589248926183,-19859.1269090107,FALSE,0.00287330379967315
"AP","95",412875.774724573,412875.774724573,NA,9.30346276747861,9.30346276747861,NA,-6.42967501733435,-6.42967501733435,NA,-62080.6991453948,-62080.6991453948,NA,0.99367352252015,5.80249909088187,1.72777286914248,5.80249909088187,412875.774724573,9.30346276747861,-6.42967501733435,-62080.6991453948,FALSE,0.716631513760422
"AP","96",290172.53947612,290172.53947612,NA,6.6728939725217,6.6728939725217,NA,-4.63809804509518,-4.63809804509518,NA,-63074.7722010468,-63074.7722010468,NA,0.997321325268092,3.6127994052206,1.00795760532646,3.6127994052206,290172.53947612,6.6728939725217,-4.63809804509518,-63074.7722010468,FALSE,1
"AP","97",222757.978384977,222757.978384977,NA,6.94362715500482,6.94362715500482,NA,-4.82365431008496,-4.82365431008496,NA,-28974.7405007528,-28974.7405007528,NA,0.996646228514389,4.33380463818126,1.30804387185735,4.33380463818126,222757.978384977,6.94362715500482,-4.82365431008496,-28974.7405007528,FALSE,0.59492473750993
"AP","98",246980.208709431,246980.208709431,NA,6.83855647548373,6.83855647548373,NA,-4.88997436953756,-4.88997436953756,NA,-43767.0976303022,-43767.0976303022,NA,0.997958101500432,3.31784939203451,0.983772849076625,3.31784939203451,246980.208709431,6.83855647548373,-4.88997436953756,-43767.0976303022,FALSE,0.0637579922925111
"AP","99",139734.545564336,144041.586584194,110418.886855239,9.59065603519552,10.7559419596956,2.59894048819534,-5.18699580156618,-6.36682632113511,1.89198731584742,-23176.3232003713,-33991.4701469762,52529.705425863,0.985795309434745,7.73947578688539,1.99932140442463,7.73947578688539,142310.250441514,11.1670219834745,-6.66211996790202,-29423.5305124027,TRUE,1
"AP","100",97033.7291266791,95137.3800422232,107712.978000878,11.5406892609996,12.4915207903171,5.83570008509435,-6.08247802215311,-7.84607868475775,4.49912595347473,-15338.2523911461,-27974.7043042453,73116.9110005486,0.980444479748757,9.11062874415464,2.42544811182868,9.11062874415464,89415.7164781491,13.6756019499049,-8.72836515442399,-21983.3313090199,TRUE,0.597643400430227
"AP","101",70743.7309715999,74574.2224078597,40802.4560051619,11.2736072845404,12.6486990350791,3.02305678130786,-5.60600121768496,-7.04417755085043,3.02305678130786,-10986.1070413629,-18351.6812392353,40572.9123437444,0.98274414975233,8.54716065770279,2.2677848369869,8.54716065770279,72398.7328753185,13.1944493085393,-7.66526173488345,-14971.7491673491,TRUE,1
"AP","102",22211.2997936809,21264.3901451593,27209.3208331285,15.6289926767882,17.0150501091555,7.31264808258438,-0.895491643575634,-2.26351493126897,7.31264808258438,-1201.75911202376,-4897.77384363058,24670.344009224,0.975782078714543,10.4855641347506,2.99501493657083,10.4855641347506,17662.0094515945,16.4310384153962,-4.64020357647282,-2658.85888961208,TRUE,0.00679399916660784
"AP","103",100232.096397336,87724.4079707602,155408.756235007,9.54248680328456,10.2108875761039,5.53208216636836,-5.48528843354531,-6.79864683747506,2.39486199003324,-15520.8762294377,-24128.3715355241,44731.590913167,0.987994329846371,7.21415233916216,1.95923443412639,7.21415233916216,85391.9633825617,10.6673855281982,-7.24449390653766,-20259.5491389554,TRUE,0.990096960387045
"AP","104",299682.49518358,253903.484040419,491798.038008505,3.20956983742611,3.07102232925643,4.0408548864442,0.754661273011875,0.206962337439821,4.0408548864442,12920.043228685,-49265.7574964771,448220.648304819,0.995659649867872,4.7486675223289,1.41286533531396,4.7486675223289,106179.053920243,2.96696105680085,-1.73701131831915,-9244.55953204816,TRUE,9.37303111376405e-09
"AP","105",219860.855480812,219860.855480812,NA,4.51878540861926,4.51878540861926,NA,-1.95117775763863,-1.95117775763863,NA,-9268.15628859976,-9268.15628859976,NA,0.996888039724716,3.94338208327916,1.16592183515899,3.94338208327916,219860.855480812,4.51878540861926,-1.95117775763863,-9268.15628859976,FALSE,0.0351978082844764
"AP","106",198801.837082001,183113.812384774,274720.190873791,4.21525633043066,4.43396098386036,2.90302840985244,-2.33297604286458,-3.20564345165075,2.90302840985244,-18347.4192861102,-59941.7229760336,272812.706543354,0.997192431144279,3.49393328993495,0.97203209912775,3.49393328993495,134587.991869346,5.2943827460625,-3.97182263741434,-33961.0607148094,TRUE,0.0037904417415811
"AP","107",258052.249140706,246628.56925495,318092.495934088,3.04088033943483,3.03718534439412,3.06305030967906,-0.611677029049048,-1.22413158550373,3.06305030967906,-2030.27669115716,-43201.6019681724,286169.00024795,0.99526992405968,4.61050841113104,1.31508537082686,4.61050841113104,206227.480321566,3.86167031335058,-2.23398980215745,-16037.0249881252,TRUE,0.0066670011849269
"AP","108",33771.1514826954,29948.5181048416,51009.335294767,13.2294988366475,13.5055291386694,11.5733170245163,-6.25714980832697,-8.69490741692638,8.36939584326947,-2947.01537773763,-7959.43478321503,32139.9204606042,0.964609749961284,12.8204226305936,3.69058600809216,12.8204226305936,25436.519379175,16.0038934860646,-10.9127699464589,-5224.04136589191,TRUE,0.0259668795419613
"AP","109",19845.9353034055,18973.5014344255,24434.9237030896,13.4486203612306,14.3815444679484,7.85107572092384,-5.77246909539227,-7.0145818968914,1.68020771360251,-2669.7124310188,-3445.11140672473,2758.08039892268,0.969739859742335,11.1910583055463,2.9506443408657,11.1910583055463,18935.4817363949,14.6159419975677,-7.18816527767586,-3211.4041722863,TRUE,1
"AP","110",11288.186212953,10432.1829057958,15458.9583985548,13.5439981800145,14.0025792907759,10.7925115154456,-4.14458428269567,-5.4853890194481,3.90024413781892,-958.666925267907,-1559.74740654229,3248.8964436528,0.953976609961561,13.9092089988821,3.75954397786999,13.9092089988821,10330.8144007364,14.6541584278479,-6.03512430139869,-1277.67790018992,TRUE,0.898142142696493
"AP","111",41602.3206921585,27351.1958690222,87331.2321911166,6.83694870144206,5.03875379578986,17.6261181353552,0.589891647918773,-1.41011893191741,12.5899551269359,-255.308105951154,-6494.964470951,43422.2864490478,0.948309450025414,14.2992435682034,2.7900531753457,14.2992435682034,24043.1769238319,5.60753085898973,-0.691061245234414,-979.844394306048,TRUE,0.0925478177428248
"AP","112",37439.5689026483,30377.3141297944,65386.2520326086,6.11268272260341,5.36478308664582,10.6000805383489,0.226455029517007,-1.46981270833061,10.4040614566027,-176.236133172815,-7696.53086174861,52465.8269668577,0.969812254642324,10.7530613196203,2.32898287049639,10.7530613196203,25002.013219383,5.21129298286988,-1.21565957564428,-1393.47853336111,TRUE,0.00793782321645343
"AP","113",19506.4091837069,17748.5482516454,27810.6850769543,8.8731252872494,8.36087498183977,11.9466271197072,0.531068024435895,-1.37152515810932,11.9466271197072,-72.6440083409916,-3845.97228371187,26340.6539192551,0.957163934025802,12.9957491367472,2.99165167948765,12.9957491367472,15111.7155852224,8.60627946853113,-1.64367096650748,-843.546502191349,TRUE,0.00875465422155616
"AP","114",18016.2961697831,14178.4145513222,25169.1408057134,33.3062828682592,16.1834727725142,76.1133081076216,14.591443264498,-10.0173026727515,76.1133081076216,8.29576763575733,-7147.42352074063,21475.4536327649,0.558517848805689,184.39102402521,8.53420983646651,184.39102402521,5602.60533544213,6.15309943164842,0.455956770704313,-32.8614500659359,TRUE,5.98260489489674e-07
"AP","115",538901.48158003,538901.48158003,NA,20.2576747905958,20.2576747905958,NA,-14.2145869884933,-14.2145869884933,NA,-158046.237696936,-158046.237696936,NA,0.978683914704746,11.0972540101521,3.2680772380777,11.0972540101521,538901.48158003,20.2576747905958,-14.2145869884933,-158046.237696936,FALSE,1
"AP","116",167853.689502787,167853.689502787,NA,9.66042101634877,9.66042101634877,NA,-2.71115168157962,-2.71115168157962,NA,-15002.3139960963,-15002.3139960963,NA,0.968881686442266,10.9052514208452,2.51386627891403,10.9052514208452,167853.689502787,9.66042101634877,-2.71115168157962,-15002.3139960963,FALSE,1
"AP","117",104949.009122615,107998.421140322,84368.8793212106,12.6637499185008,13.866772571468,5.44561400069745,-5.25216221461189,-6.5457897661352,2.50960309452794,-14597.100349682,-21272.3289831697,32129.5000847318,0.965641913053363,11.76352449587,2.95493185531236,11.76352449587,107151.644076256,14.4810677156199,-6.89847427745732,-18724.8769610147,TRUE,1
"AP","118",277140.999435389,277140.999435389,NA,13.6186810498678,13.6186810498678,NA,-5.82692370947502,-5.82692370947502,NA,-43753.9671507466,-43753.9671507466,NA,0.957788063757426,13.0415926338459,3.22151152149556,13.0415926338459,277140.999435389,13.6186810498678,-5.82692370947502,-43753.9671507466,FALSE,1
"AP","119",74284.1336141869,47543.6501309391,116886.556559783,9.04753357045224,5.85184462604902,17.0367559314603,1.61999533878001,-1.60129171732845,9.67321297905118,548.267555726973,-15092.4817099662,47470.5153528066,0.920623634754222,18.803357783014,3.29871821405669,18.803357783014,26220.3697367563,4.18238128917284,-0.615744649998141,-1238.54818869063,TRUE,7.22792408430543e-07
"AP","120",31653.8376391907,27702.007066688,49085.1391755255,9.37630761790908,8.55130954638257,14.3262960470682,1.75262294391161,-0.342989239947822,14.3262960470682,214.513127809448,-5776.57221380285,42152.1105190956,0.940239478418136,15.4892373991543,3.08875246124573,15.4892373991543,24594.0401479812,7.9451516293599,0.525834027487613,-381.851465362397,TRUE,0.00594124108403273
"AP","121",46845.5295136622,36863.3192723234,84900.5276854524,9.18269537801649,8.07569914309191,15.824672787564,1.15635671727656,-0.711288976312064,12.3622308788083,68.1464204281868,-7168.9922216124,50728.1169147123,0.949594598782515,14.22937233817,3.33571636428836,14.22937233817,32018.7571579616,7.4086338904189,-1.12551002448797,-1438.20285590642,TRUE,0.0380833884257235
"AP","122",14787.8920263883,10075.7876315461,30358.5782887264,33.840982177575,15.6072838763883,143.243171984695,18.8236344113761,-1.91295518417712,143.243171984695,227.169925761082,-3640.61057190835,27301.6334094471,0.670609360784744,43.7501996546718,9.11046067412293,43.7501996546718,5104.76816198708,8.38610278618163,-1.09473510214615,-211.558469581145,TRUE,0.000133261152555974
