"Enzyme","sample","RMSE","RMSEp1","RMSEp2","MAPE","MAPEp1","MAPEp2","biasPERCENT","biasPERCENTp1","biasPERCENTp2","biasMEANRES","biasMEANRESp1","biasMEANRESp2","Rsquared","PRSEmax","PRSE_Vmax","PRSE_Km","PRSE_Ki","RMSEp1pdS","MAPEp1pdS","biasPERCENTp1pdS","biasMEANRESp1pdS","Sinhibition","INHbetter_aov_pvalue"
"BG","2",157.870747518119,119.618674482146,297.675069067457,10.0985038305951,10.3203584089105,8.76737636070233,-5.24316232914058,-6.32704658213504,1.26014318882616,-10.1876002821509,-12.7116744197789,7.48091868124493,0.983694982200475,48.4812519774795,15.4884900354136,23.2078616995336,48.4812519774795,NA,NA,NA,NA,TRUE,0.0076703527421203
"BG","3",156.362839454928,156.362839454928,NA,11.0932870749021,11.0932870749021,NA,-0.479416770784319,-0.479416770784319,NA,-6.31597139925971,-6.31597139925971,NA,0.976105265631127,636.916391695542,16.4029931062355,27.4841198369178,636.916391695542,NA,NA,NA,NA,FALSE,0.875827014359345
"BG","4",52.3829656352384,52.3829656352384,NA,12.6230688935068,12.6230688935068,NA,-7.51158971352948,-7.51158971352948,NA,-4.37896667120375,-4.37896667120375,NA,0.979285942437005,138.751657985897,15.7556576284179,25.6181220639741,138.751657985897,NA,NA,NA,NA,FALSE,0.436650434710444
"BG","6",218.948409037607,189.944641081519,345.10149331345,9.21872962322347,9.4694353013702,7.71449555434312,-4.55665160407564,-5.46656924871395,0.902854263754196,-12.6142899259493,-15.8563209387022,10.0799271633209,0.983927690876424,50.0582977024951,14.9622915656431,22.6807537764962,50.0582977024951,NA,NA,NA,NA,TRUE,0.0113986638954001
"BG","7",18.8216913082332,20.3156858734173,1.85199645592601,3.34204145485239,3.88492456852569,0.0847427728125346,-1.35085805595129,-1.57052322907963,-0.0328670171812327,-0.918326317797046,-0.957375483511655,-0.644982157794781,0.999460229847139,9.05929044374449,2.59503811707653,3.99035486039642,9.05929044374449,NA,NA,NA,NA,TRUE,7.89828328735486e-13
"BG","8",106.198810026094,106.198810026094,NA,5.47011427969738,5.47011427969738,NA,-2.03852459160003,-2.03852459160003,NA,-5.52835482422283,-5.52835482422283,NA,0.993917008352432,62.802040173205,7.46447858377821,12.5006924300286,62.802040173205,NA,NA,NA,NA,FALSE,0.0899373663027316
"BG","9",69.7580083934375,62.0128534086779,104.83174241524,8.67173082566174,8.56940801080008,9.28566771483167,-2.2293444019396,-2.98565004490218,2.30848945583592,-3.95260971116299,-6.21146853919543,11.8594020850641,0.973267038518464,40.9687684529894,7.33394714805464,16.9247397635532,40.9687684529894,NA,NA,NA,NA,TRUE,0.00701297722392725
"BG","10",25.8463855308575,20.7578758570524,45.726502758108,8.94425476062095,8.48082121709608,11.7248560217702,-2.15956280021979,-3.24456888687014,4.35047371968226,-1.70573260166692,-3.24281135283556,9.05381865651359,0.971204252849762,35.0748575368073,7.21265486079569,16.9491347944591,35.0748575368073,NA,NA,NA,NA,TRUE,0.00151456359574292
"BG","11",13.7090466964041,15.8949094643204,5.11492887900731,4.14707123396466,5.16693797588634,1.59740437916043,-0.0536511459126693,-0.116551583177173,0.103599947248589,-0.17150621222062,-0.24122915527712,0.0376626169488787,0.989140125206124,10.5164987194515,3.22486432360324,8.50668323901325,10.5164987194515,NA,NA,NA,NA,TRUE,2.04439054398167e-12
"BG","12",176.847273130633,182.362784342869,139.23934579163,3.11588237336397,3.44500350923,1.14115555816784,1.95118501050954,2.4665751052891,-1.14115555816784,21.0729493988856,40.8402888951488,-117.298427074957,0.998539617955255,8.89416421665865,3.1582750705795,5.3632337275863,8.89416421665865,NA,NA,NA,NA,TRUE,3.1873674273112e-14
"BG","13",963.507507790099,943.456386870425,1075.99595696993,5.08356938120638,5.22700626089813,4.22294810305584,0.800218475607745,1.00593885112379,-0.434103777488542,12.4357390854436,34.9168069789412,-144.93173616904,0.990178254501963,20.9651868445389,7.33871812642999,12.9557275138683,20.9651868445389,NA,NA,NA,NA,TRUE,1.96419253107005e-07
"BG","14",9.17176797280104,9.19159163853249,9.05191433515865,8.01067857240656,8.55901573865896,4.72065557489218,-1.41189447517979,-2.1810137114598,3.20282094250022,-0.717497305461374,-1.6226582791604,5.6186295104318,0.98894493144496,16.2047305018715,4.90296144111572,10.7162735365022,16.2047305018715,NA,NA,NA,NA,TRUE,8.13344712871677e-09
"BG","15",46.4836591704706,47.4433661492092,40.2476836566751,4.39234945043218,4.72454741219461,2.39916167985764,-0.580213579706973,-0.73190692344129,0.32994648269893,-2.12546876566619,-3.05539224785639,4.38399560966521,0.996181209868844,11.2660528141993,4.12819274787509,7.58328944314531,11.2660528141993,NA,NA,NA,NA,TRUE,1.91854945352103e-12
"BG","16",146.21568223202,146.21568223202,NA,7.80137136511588,7.80137136511588,NA,1.77877338491182,1.77877338491182,NA,2.93395789170757,2.93395789170757,NA,0.978215813067014,176.326597449376,6.96698335242985,16.3943576776816,176.326597449376,NA,NA,NA,NA,FALSE,0.559537939439767
"BG","17",163.332809694549,101.86723794898,352.819560193145,4.83481213805053,3.82176260301937,10.9131093482375,0.237431508819433,-0.016929484068685,1.76359746614814,-0.128886232478727,-2.25675909756988,14.7662238231593,0.986613517757663,20.8547689569101,7.48667768411121,13.9930034330285,20.8547689569101,NA,NA,NA,NA,TRUE,1.11422849125793e-07
"BG","18",346.042240358143,366.45517445157,180.222794037265,3.84778224633711,4.17150747736943,1.90543086014317,-0.40547650214156,-0.747336849636056,1.64568558282541,-9.62011597020752,-29.4565546477332,129.234954772473,0.990740565550932,20.1803936280467,6.34969084885991,11.8332605568751,20.1803936280467,NA,NA,NA,NA,TRUE,2.18559338056231e-07
"BG","19",31.2159866265272,25.9875651367739,52.6207515819026,2.88689584922554,2.99559277864639,2.23471427270043,0.344076992328859,0.37294378693668,0.170876224681935,0.608571482756735,0.345794886435231,2.44800765700726,0.998945460601561,6.98968295087559,2.20142508671206,4.05315159703559,6.98968295087559,NA,NA,NA,NA,TRUE,8.0876313218117e-16
"BG","20",70.9395456345379,64.0809870704629,102.901392217471,2.46277538503754,2.50646614645144,2.20063081655415,1.00519858295524,1.23399578606949,-0.367584635730228,3.85490991664184,6.84530281348591,-17.0778403612667,0.998319148732593,8.82687362593309,2.44326551223559,4.81919757186225,8.82687362593309,NA,NA,NA,NA,TRUE,2.73457263030853e-13
"BG","21",78.2343789694287,59.1990076973499,147.70643620039,4.95826272734733,4.74392222028474,6.2443057697229,1.02300014120354,1.01656154933005,1.06163169244451,1.11697824064494,-0.590563114086822,13.0697677237673,0.993696911569418,16.9950460501368,5.29984036499031,9.84419043457811,16.9950460501368,NA,NA,NA,NA,TRUE,1.45120965047368e-08
"BG","22",48.7427712173367,47.6481999545633,54.8534271323051,2.95858551528099,3.10091242748198,2.10462404207505,1.52726058065082,1.93845377892554,-0.939898608997523,3.91080697049602,7.78431869601877,-23.2037751081633,0.997928551514011,8.64240381281916,2.77304891009174,5.38801498371316,8.64240381281916,NA,NA,NA,NA,TRUE,4.52607409416365e-14
"BG","23",168.946553093672,177.212919079208,106.649202923354,1.39658025035827,1.46272534821623,0.999709663210533,0.178031695268035,0.0410853672776185,0.999709663210533,1.60683605945571,-12.5734509267769,100.868844963084,0.998879008613999,5.79002952362734,2.69917964028407,4.52751805011903,5.79002952362734,NA,NA,NA,NA,TRUE,4.42857677188212e-20
"BG","24",305.847846811417,286.342850314799,403.543021542736,1.88883857384901,1.93315356960746,1.62294859929828,-1.02978823635926,-1.30968520331756,0.649593565390542,-27.2635913742545,-53.3812276079958,155.559862261935,0.999430182758883,4.52238770295665,2.41193090652295,3.71160403356278,4.52238770295665,NA,NA,NA,NA,TRUE,1.37321692460578e-23
"BG","25",47.8793099612504,46.3925045093524,55.9768828058223,1.28827195717481,1.33213129853079,1.02511590903898,-0.570198638755474,-0.76330436275187,0.588435705222898,-3.85861178297382,-8.45722653450498,28.3316914777442,0.999526835046206,4.38622806195817,1.32242785857548,2.57133484375911,4.38622806195817,NA,NA,NA,NA,TRUE,8.90684222183132e-20
"BG","26",206.631192876577,104.383053466446,483.218602685479,3.18613960230137,2.50285530532375,7.28584538416715,0.105467672284831,0.168622575339418,-0.273461746042689,3.11611661700787,11.4057005053905,-54.9109706016704,0.994903620682704,15.0345370864207,5.61497840731142,9.61937363418006,15.0345370864207,NA,NA,NA,NA,TRUE,3.59844808847193e-10
"BG","27",295.286449096361,264.433785985842,436.81488769813,3.37275351557766,3.12671709898034,4.84897201516161,-0.00516556501353635,-0.206476436657526,1.2026996648504,-2.47603814039016,-13.2286187089684,72.7920258396577,0.994513485218102,13.2170350315468,6.12313133057505,10.1770685134053,13.2170350315468,NA,NA,NA,NA,TRUE,9.01708368070147e-13
"BG","28",260.144958976694,255.524510436866,286.306034101453,2.92954344610011,3.10173090759499,1.89641867713079,-1.51556491591473,-1.85663747951156,0.530870465666245,-20.2493187558701,-32.0621474523872,62.4404821197501,0.998179350908588,9.49283949491716,4.49138991918598,6.7943717360585,9.49283949491716,NA,NA,NA,NA,TRUE,1.47352840716916e-15
"BG","29",118.567780577558,117.822224888973,122.946208037857,5.15524200345096,5.53730149503031,2.86288505397485,-2.78311147461096,-3.71652326794021,2.81735928536452,-14.3698856561649,-30.5513038983432,98.9000420390832,0.995510726784707,12.0299428386708,4.98867314745783,8.74290018167499,12.0299428386708,NA,NA,NA,NA,TRUE,9.86497618719375e-13
"BG","30",76.3569950623222,68.9976744256346,110.673666279551,2.87260636745486,2.70148861855333,3.89931286086402,-0.647853977731348,-0.759087693292066,0.019548315632959,-1.9729969937985,-1.64312949849018,-4.28206946095679,0.995456824735218,11.6596312774779,3.56075746640423,7.34216595058054,11.6596312774779,NA,NA,NA,NA,TRUE,2.45558347675951e-11
"BG","31",6.59467652845785,5.40134868885954,11.3745726800211,4.17440487510682,4.11878111236187,4.50814745157656,-0.670094953594394,-0.966728234267364,1.10970473044343,-0.245937013881053,-0.537809235984394,1.79716854084234,0.994363912651431,28.1426716738552,3.5080600198231,8.04167557705184,28.1426716738552,NA,NA,NA,NA,TRUE,0.000504738877269091
"BG","32",154.045051080288,147.508166450913,188.566140433641,3.51148536038893,3.30238510109321,4.76608691616321,-0.94104629355751,-1.8922351618443,4.76608691616321,-7.51015890873829,-35.4331934525402,187.951082897875,0.995019972604193,10.7798097809086,5.41410716933829,9.20523817949944,10.7798097809086,NA,NA,NA,NA,TRUE,2.235175118029e-15
"BG","33",30.1126888705312,29.3100441978777,32.0314280253485,1.12292246353614,1.16104712155472,1.02761081848968,0.106342254015575,0.145799422640917,0.00769933245222075,0.348600632206368,0.778675767056089,-0.941624772342796,0.99943891548267,3.09697246165546,1.32700244849036,2.58635116668697,3.09697246165546,NA,NA,NA,NA,TRUE,5.61747330908394e-25
"BG","34",235.58814629645,243.34756237604,182.220213043498,3.45983815670085,3.84550194851801,1.1458554057979,-1.22167222712096,-1.50332310823301,0.468233059551343,-14.586108391237,-24.7916367143017,56.8525898702161,0.9984351946298,8.11661675834353,3.54534952238246,5.71908269945333,8.11661675834353,NA,NA,NA,NA,TRUE,2.15682377883706e-16
"BG","35",81.1733965806274,82.7814501183824,70.7617925496326,1.68070860092451,1.81159625793533,0.895382658859619,-0.924499971811981,-1.22727821619712,0.892169494498878,-6.78037464157557,-14.7083113613359,48.715182396747,0.999085948741475,5.33300758812379,2.24309865732642,3.92288701424791,5.33300758812379,NA,NA,NA,NA,TRUE,6.35797183404246e-20
"BG","36",200.312761558426,213.180221723891,163.779398018955,3.20902615355479,3.77530541632157,1.79332799663785,1.41224884369268,1.96818001195662,0.022420923032842,12.6683174502153,12.8508458393008,12.120732282959,0.996965046832983,7.99747015183659,3.5870164459319,6.5909445170677,7.99747015183659,NA,NA,NA,NA,TRUE,8.87417341045126e-17
"BG","37",143.264504768281,120.973579975816,236.358596146859,2.91140688106581,2.80797774103283,3.53198172126367,-0.585288195736166,-0.736689284369906,0.323118336066269,-4.66460039084007,-6.80023176006238,10.2848191937161,0.996941745083696,16.2350221517701,5.93464129151444,9.00925018594484,16.2350221517701,NA,NA,NA,NA,TRUE,3.45122209665225e-09
"BG","38",274.223978251612,202.565707327316,529.333861591046,2.23321132534894,2.02238107095348,3.49819285172176,-0.526283953016312,-0.71635254607903,0.614127605359994,-8.22590887267235,-19.6318907498759,71.6159642677521,0.998388631839151,8.13815130409326,3.38892326856398,5.6036650159508,8.13815130409326,NA,NA,NA,NA,TRUE,4.78984309070861e-16
"BG","39",190.636451762694,175.215159630228,264.940906994772,2.15765621472229,2.24624074900767,1.62614900901002,-0.407199083692654,-0.518492561146993,0.260561781033381,-7.6175755076264,-14.020217969047,37.2009217223179,0.999306927575039,6.10887448992123,2.60157577272933,4.03282433650347,6.10887448992123,NA,NA,NA,NA,TRUE,1.40398866324706e-18
"BG","40",480.282824805723,480.282824805723,NA,4.51741563035647,4.51741563035647,NA,0.0715532678001497,0.0715532678001497,NA,-3.29648478767337,-3.29648478767337,NA,0.993495086940556,54.7304639970394,7.60017032080188,12.7162132845316,54.7304639970394,NA,NA,NA,NA,FALSE,0.0479015512718915
"BG","41",438.268376975647,449.223699430932,365.708352400657,8.11370583303788,8.70650347068001,4.55692000718505,-4.3846270016627,-5.30985686372218,1.16675217069422,-33.8732907711523,-49.3471135795724,74.4434688877882,0.985831316990776,29.5329501118836,15.6561409172569,21.8457245599617,29.5329501118836,NA,NA,NA,NA,TRUE,2.4706309174046e-07
"BG","42",182.830764979917,189.044048667204,139.870319736042,3.1640724631003,3.45309197194486,1.42995541003295,-1.44894403717521,-1.8847644491188,1.16597843448632,-13.237715586343,-27.1830858151819,84.3798760155287,0.997100516509093,11.7665982485096,4.61163948199655,7.60516511636929,11.7665982485096,NA,NA,NA,NA,TRUE,1.94245762250723e-12
"BG","43",318.908791087328,313.971478633466,347.060776893261,5.37107004514227,5.61325411403401,3.91796563179183,1.18799175960268,1.52553224729103,-0.83725116652747,8.28377564885386,20.1665875566724,-74.8959077058762,0.99030737215922,19.7670306932505,7.66636260174908,13.1989435215183,19.7670306932505,NA,NA,NA,NA,TRUE,2.51186801288787e-08
"BG","44",48.7672243667116,50.4118496145064,37.4107968065191,3.17367327906009,3.28957593874695,2.47825732093892,0.589367216991135,0.592140211858713,0.572729247785667,0.686483207274675,-0.298579046510279,7.58191898376936,0.995052185334175,12.8979866075828,4.87564833831508,8.81130083530851,12.8979866075828,NA,NA,NA,NA,TRUE,1.29400479411074e-11
"BG","45",91.1166264719777,91.1166264719777,NA,6.15265603339121,6.15265603339121,NA,1.84747695185612,1.84747695185612,NA,2.2566642924813,2.2566642924813,NA,0.992028305017423,47.496522568774,6.08825819611254,11.5959486178715,47.496522568774,NA,NA,NA,NA,FALSE,0.0248492530428071
"BG","46",259.904278805761,261.698749241217,248.865881278042,2.47708960100379,2.69115876901175,1.192674592956,0.598880935133969,0.789052764330788,-0.542150040046947,14.1450485510471,28.6416281813893,-87.3310088613483,0.998622920397083,8.26876840885859,3.24851536628611,5.31630753398295,8.26876840885859,NA,NA,NA,NA,TRUE,1.95051158287007e-15
"BG","47",978.360393853617,1037.47010538733,492.197221035867,4.67528056579992,5.16320479801468,1.74773517251132,0.458922483816322,0.553566999929127,-0.108944612860503,7.86761848832329,14.2945168197734,-37.1206698318274,0.992754149831019,18.5385452963041,6.74808865583183,11.5343457449661,18.5385452963041,NA,NA,NA,NA,TRUE,1.75909397357944e-08
"BG","48",133.817044413968,99.9303509897081,255.797887669683,3.02915190545084,2.98394486554328,3.30039414489618,-1.38488649545172,-1.69879580933386,0.498569387841103,-9.55106989477199,-15.0480594596542,28.9278570594033,0.998172827149669,15.4511015374052,3.6406262769702,6.15189814368472,15.4511015374052,NA,NA,NA,NA,TRUE,3.55410659188517e-08
"BG","49",527.326217845867,542.954034044447,421.56385243822,3.17189227770169,3.4193610956406,1.68707937006823,1.03956300340212,1.33989017708939,-0.762400038721512,25.2760483271318,56.0977549483276,-190.475898021239,0.997633488929476,10.6236973692018,3.79652099951782,6.5477078495252,10.6236973692018,NA,NA,NA,NA,TRUE,9.26456291087525e-13
"BG","50",216.790465002412,227.640456311298,134.408615475487,2.4894357701044,2.7874090153383,0.701596298700973,0.884129268721733,1.04508581670787,-0.0816100191950972,9.52617061240328,13.0273624808138,-14.9821724664701,0.999220472403367,6.24025698054097,2.51267763998921,4.0570680973777,6.24025698054097,NA,NA,NA,NA,TRUE,4.56386195975453e-18
"BG","51",138.132924307575,143.650147372544,98.7559841397636,2.70015218300428,2.94140854505559,1.25261401069641,-1.33585077217144,-1.64195858477975,0.500796103478416,-11.1300181860515,-18.1134629746976,37.7540953344712,0.998474624730978,8.66555063362474,3.36207450669436,5.53943592483607,8.66555063362474,NA,NA,NA,NA,TRUE,6.15011294813535e-15
"BG","52",164.027148222807,150.870440127041,227.514833041681,1.7494489088238,1.74589096021195,1.7707966004949,0.737277272667739,0.908093645293871,-0.287620963089051,7.37492605026902,13.6027884680952,-36.2201108745145,0.998832022907476,8.51142934462066,2.67381167164762,4.62571328183173,8.51142934462066,NA,NA,NA,NA,TRUE,5.34304293734714e-14
"BG","53",91.9749710418593,92.5456261880834,88.4737787583938,3.45303258432109,3.81296629384755,1.29343032716232,2.21529597482421,2.70694549891604,-0.734601169726789,12.5527961339851,21.2347922875422,-48.2211769409144,0.998870309990816,11.9499122109887,2.28957685966762,4.36588989535736,11.9499122109887,NA,NA,NA,NA,TRUE,8.69059229856787e-10
"BG","54",357.179153336943,349.055074797078,402.494672759659,1.88725509669757,1.87030256573317,1.98897028248393,0.233352682299374,0.229113825890514,0.258785820752534,-0.0655562607360309,-5.14993287345207,35.5250800282762,0.997772458017277,11.8934001057427,3.90471012610178,6.56828734515736,11.8934001057427,NA,NA,NA,NA,TRUE,2.23880812201721e-11
"BG","55",11.4691769659624,11.6347640283832,10.4205440337336,5.27504508957626,5.9016173600304,1.51561146685146,-3.29621945104742,-4.08944619697391,1.46314102451151,-1.94567929807092,-3.14544384077612,6.4526725008655,0.997102475800777,10.9783561353431,3.53665742085576,6.70387828541284,10.9783561353431,NA,NA,NA,NA,TRUE,5.07068811880377e-12
"BG","56",114.161459088274,115.470408185933,105.968769872967,2.10228155993032,2.3114347510153,0.847362413420444,0.861701335103052,1.02807608493449,-0.136547163885551,7.14470533378204,10.43826908448,-15.910240921104,0.999385745809252,8.26594102740354,2.38720124572311,3.82060589872215,8.26594102740354,NA,NA,NA,NA,TRUE,9.58382773366613e-14
"BG","57",245.416220382092,214.730658925178,380.720781271225,5.17061246495686,5.54229183361778,2.94053625299138,3.37318905901673,4.01720961919359,-0.490934302044439,25.9125583230421,39.136741671148,-66.6567251136991,0.99714777723335,23.042103529855,4.02682342180408,7.31024864934423,23.042103529855,NA,NA,NA,NA,TRUE,3.00887153992935e-05
"BG","58",166.45292883415,99.6800665411891,366.509684221755,2.78384406887348,2.71870221768734,3.17469517599034,1.65952814197799,1.94829970097074,-0.0731012119785076,11.0753298180299,15.6028678112996,-20.6174361348579,0.99849853949837,15.8899762041116,3.25108826671054,5.57468993657223,15.8899762041116,NA,NA,NA,NA,TRUE,9.7836582587434e-08
"BG","59",10.7820530522384,8.95501881366114,14.366747481317,4.06821906417212,3.54632720002602,5.37294872453739,-0.0100478945791479,-0.330330536005726,0.790658708987297,-0.0440519258603652,0.00985707593040214,-0.205778931232667,0.993737340211683,7.67557211440961,3.73795771345531,7.63441847684563,7.67557211440961,NA,NA,NA,NA,TRUE,2.74955002006591e-18
"BG","60",6.78597650255729,5.33774326042476,9.48390278529278,7.58890007199722,6.39504063264437,10.5735486703794,-0.94628497287576,-2.68487760522194,3.40019660798969,-0.348432679220394,-0.560936860000642,0.289079863120348,0.980899010833733,12.0415568696674,5.37129485883648,12.0415568696674,12.0079548042591,NA,NA,NA,NA,TRUE,4.62059819905098e-14
"BG","61",20.0350112231666,17.5833510949216,25.1390189183119,3.21075630041967,2.70887665151797,4.46545542267391,-0.200964406218849,-0.888033322176013,1.51670788367406,-0.407426897672855,-1.16778451897667,1.87364596623858,0.996628467346083,6.26592904442942,3.47072174956306,6.26592904442942,6.03629931773271,NA,NA,NA,NA,TRUE,1.20088338553021e-22
"BG","62",5.66876363631097,3.53842537295496,9.00949214858066,10.6235030532268,9.21649052380362,14.1410343767847,-2.57236553875082,-4.8467766266252,3.11366218093512,-0.436011909269938,-0.433356156783522,-0.443979166729188,0.962170866157315,23.5044175136846,9.87436717113456,20.1076489312696,23.5044175136846,NA,NA,NA,NA,TRUE,1.07321944388367e-07
"BG","63",29.5786512652363,26.6696429013105,43.0889447514412,3.21526863715468,3.12668398114213,3.74677657323,-0.382997938265683,-0.786426278015327,2.03757210023218,-0.863081575604872,-4.10438816296537,21.8260645359186,0.997348907701309,7.86143536838186,3.40659651574958,6.2054089131276,7.86143536838186,NA,NA,NA,NA,TRUE,8.71940402005674e-17
"BG","64",46.4975252421826,47.1347741912372,42.4737253743809,3.51911925039042,3.56987914628289,3.21455987503557,0.0447317591823484,-0.0412652478184365,0.560713801187058,-0.344081293030166,-1.17895109478262,5.50000731923698,0.993473410264421,14.6122021843176,5.39774126944449,9.91499673243727,14.6122021843176,NA,NA,NA,NA,TRUE,1.94968557017477e-10
"BG","65",302.781159768277,250.607760844573,514.693613911397,3.70652839395526,3.268462399804,6.33492435886286,-1.29866021915582,-1.80393030180144,1.73296027671792,-13.7440225544741,-30.8336022128533,105.883035054181,0.994113306902466,15.5945371651337,8.09513133258494,12.2227053141104,15.5945371651337,NA,NA,NA,NA,TRUE,2.35003880134015e-12
"BG","66",246.18445780231,264.119097228415,75.4594309507132,1.65957875167199,1.89323006670848,0.257670861452991,0.455248372655889,0.563355364616324,-0.193393579106717,9.61369127466944,16.2852092594246,-37.0869346186167,0.9992103973971,6.27524683903238,2.7334333458148,4.2669086851505,6.27524683903238,NA,NA,NA,NA,TRUE,1.46191381066797e-18
"BG","67",116.938536135402,118.523060939867,106.939481890937,2.45202811443916,2.53154441054401,1.97493033781003,-0.722369526779405,-1.17191950421098,1.97493033781003,-5.47418735073754,-18.8441630801987,88.1156427554903,0.997269939350929,7.53732745135348,2.86995782254049,5.71150182614167,7.53732745135348,NA,NA,NA,NA,TRUE,2.90618573481387e-16
"BG","68",93.4577286035567,99.5547971834857,40.9082314049704,4.80884388978829,5.41920785598999,1.14666009257807,-2.5281593958721,-2.98690615589135,0.224321164243383,-8.46390876574724,-10.5598463759338,6.20765450555897,0.99586480608178,12.422384526625,5.6602030786242,9.20077318131681,12.422384526625,NA,NA,NA,NA,TRUE,5.27236807830096e-13
"BG","69",10.2175381901514,9.7232268868014,11.3595972906026,4.08084898522592,3.95599326372039,4.39298828898975,-0.356959319209562,-0.629661983225892,0.324797340831262,-0.311208291323124,-0.285596987023742,-0.388042204221269,0.989679114170614,9.58238292377541,2.34569870131669,7.47790034190997,9.58238292377541,NA,NA,NA,NA,TRUE,1.47873309450665e-12
"BG","70",68.1429838189913,38.5107335780389,112.001965836975,4.87950696657037,3.87109813787893,7.40052903829896,-0.45798355585754,-0.693070554944663,0.129733941860267,-1.90412723595283,2.05563599437564,-13.7834169269382,0.978166601771148,16.2601435441231,3.66900561288829,11.2735431767933,16.2601435441231,NA,NA,NA,NA,TRUE,3.40002713476171e-08
"BG","71",50.1142559564503,55.9743226819408,30.9390251298435,5.44606423059791,6.40311258971375,3.05344333280829,-1.13388445610416,-1.7818233447691,0.485962765558181,-2.40918121718921,-4.07833636997275,2.59828424116142,0.975834618811644,17.4929988207929,4.37081563791017,12.3875412685083,17.4929988207929,NA,NA,NA,NA,TRUE,1.20314615062203e-07
"BG","72",118.28440129297,126.961669847913,93.1183898910468,9.15076674653132,9.09154608491132,9.2988184005813,-0.971831578004793,-2.08556605904984,1.81250462460782,-4.02003596707207,-7.17933210584744,5.45785244925404,0.923269601696405,25.8920207013052,9.7524274386954,23.7590742087197,25.8920207013052,NA,NA,NA,NA,TRUE,1.34962619130679e-06
"BG","73",9.18647722504735,6.72853695958154,13.4976571774868,4.95202240996554,4.14237513521561,6.97614059684036,-0.968694282279148,-1.92850752050423,1.43083881328355,-0.465702806846877,-0.623644097550425,0.0081210652637651,0.990575497815241,9.77835001423304,4.7199317318889,9.55065235316923,9.77835001423304,NA,NA,NA,NA,TRUE,6.63696080381339e-16
"BG","74",4.7338243338276,4.95586043468017,3.08226116294478,8.00950086336982,8.77564013829803,3.41266521380058,-2.42485483235615,-3.27138822682709,2.65434553446949,-0.307951109305542,-0.606643293383783,1.78289417924214,0.982259451175648,20.0903977704322,8.08335785007624,15.3623852563852,20.0903977704322,NA,NA,NA,NA,TRUE,1.6566584714107e-08
"BG","75",50.7606478677201,53.9711945387877,46.1336617662204,4.60017469064616,4.68770420776038,4.4834686678272,0.512740101926351,-0.551878899323803,1.93223210359322,0.404260241682522,-9.09197513986525,16.2313192109288,0.978171013826775,19.1323336297969,4.03312814044295,11.8722753802689,19.1323336297969,NA,NA,NA,NA,TRUE,1.02647272018736e-06
"BG","76",31.3318365612753,24.8858650721526,43.4468438103987,2.63061475086396,2.31108090003655,3.42944937793248,0.552959928222221,0.578434996928313,0.489272256456991,0.811411906369833,-1.42599501624278,7.52363267420769,0.995582947445411,8.36249962812641,2.47044827695255,6.00981880587372,8.36249962812641,NA,NA,NA,NA,TRUE,6.40628997718832e-14
"BG","77",6.08141008482508,4.50322921682211,8.87382311753181,3.8810419274632,3.42054871168936,5.03227496689779,0.803333265657719,0.806841021607026,0.794563875784454,0.19622713078707,0.488054013377311,-0.679253516983655,0.993326621314005,7.38689062923611,3.02834242291179,7.06983298690733,7.38689062923611,NA,NA,NA,NA,TRUE,1.93486127467844e-17
"BG","78",59.4048850269781,48.8282848441465,79.9424028641054,4.26946046546811,3.91522330304579,5.15505337152391,-0.49913013236165,-1.07491410169217,0.940329790964651,-0.775821756136342,-4.65415091380739,10.8591657168768,0.986937420761035,17.4078654171145,5.80138566430756,12.108201268586,17.4078654171145,NA,NA,NA,NA,TRUE,2.08331299387721e-08
"BG","79",22.4327886249649,21.6044114279506,26.8720389914403,3.09839507429867,3.0065581653543,3.64941652796485,0.0793521021234679,0.0564850451958036,0.216554443689454,0.0191853494682803,-0.0408320337890857,0.439307032269843,0.994902921911832,10.571416024476,2.80472379747539,6.70657345637788,10.571416024476,NA,NA,NA,NA,TRUE,1.08767530960079e-11
"BG","80",250.347230566686,250.347230566686,NA,4.16361149943071,4.16361149943071,NA,-0.951544639742174,-0.951544639742174,NA,-2.52468364055504,-2.52468364055504,NA,0.997116336150679,34.7684862853425,5.90621608364419,9.43501042872553,34.7684862853425,NA,NA,NA,NA,FALSE,0.00257829800066337
"BG","81",160.306696720091,155.499704718602,186.565565117777,4.96552837957304,5.14642403865404,3.88015442508705,0.580045125997019,0.620482758181627,0.337419332889373,-1.61769891990876,-2.79991863239647,6.65783906750524,0.992625342497271,27.6327693932541,9.93516432819571,14.828942285489,27.6327693932541,NA,NA,NA,NA,TRUE,1.55809642565968e-05
"BG","82",30.2712183514474,31.8463684540023,18.146060760358,2.3442822247548,2.63490019055857,0.600574429932177,0.35703237892405,0.414678360388276,0.0111564901386897,0.311714507075144,0.331570852278848,0.172720090649212,0.999243400968445,9.52266992529135,2.0001115838864,3.62719203996753,9.52266992529135,NA,NA,NA,NA,TRUE,9.75751568231799e-12
"BG","83",116.902173126024,109.467675842601,154.155098017626,3.14885516553837,3.24648156006997,2.56309679834879,1.64204279916856,2.08565036493081,-1.01960259540492,9.55146951885501,19.5359282838211,-60.3397418359079,0.99744413217953,15.7374216871361,2.75753406799927,5.8296679593677,15.7374216871361,NA,NA,NA,NA,TRUE,1.2755876441351e-07
"BG","84",5.55915098970589,5.03948819566496,7.99690380328264,14.1118611415561,11.8666881897721,27.5828988522602,0.882401354215515,-3.56768156212527,27.5828988522602,-0.117826058216029,-1.25192241617723,7.82084844751235,0.940286279803955,26.3079196409728,12.5881177043455,25.1614057934061,26.3079196409728,NA,NA,NA,NA,TRUE,3.1626695076014e-08
"BG","85",19.1748311987471,20.1229971257815,12.0045399977615,5.57309388368579,6.13850410028407,2.18063258409611,-3.25250110228446,-4.15802338334789,2.18063258409611,-2.44765748906097,-4.48085157649472,11.7847011229753,0.993704431155987,17.6580526360451,4.34516682506419,9.0063638731987,17.6580526360451,NA,NA,NA,NA,TRUE,1.58944090440506e-07
"BG","86",7.34188785937098,3.9732288704115,16.8108279224143,5.64303288063618,4.22792334252625,14.1336901092958,0.125520998595196,-0.592990057965101,4.43658733795697,-0.0880423178317951,-0.509558518189531,2.86257108467235,0.987939641254506,16.8191549162705,9.38816891556215,15.2352302707165,16.8191549162705,NA,NA,NA,NA,TRUE,1.382935526588e-12
"BG","87",11.4601452169948,11.2083595073086,12.066645858251,7.70337684590123,8.14957372362706,6.58788465158666,-0.16909096634103,-0.506294392391,0.673917598783894,-0.260180126566918,-0.240736941271068,-0.318509682454466,0.97795586154624,15.9709045582988,5.35926002347418,13.0135817843327,15.9709045582988,NA,NA,NA,NA,TRUE,2.04088899947214e-09
"BG","88",28.0874056917939,22.6835137667394,38.403173862577,4.87133957930949,4.16773651174014,6.63034724823287,0.603398946862391,0.614210053798734,0.576371179521532,0.324450331435368,0.693088262129364,-0.78146346064662,0.9907714209619,10.4087480658489,4.99759251653919,9.88785209657558,10.4087480658489,NA,NA,NA,NA,TRUE,3.2624562909809e-15
"BG","89",25.0355403984652,19.3856096545952,35.4149592185322,3.49712109963537,3.01046958297658,4.71374989128237,-0.0856413974563137,-0.382962917964695,0.65766240381464,-0.382616444137016,-1.18716548564753,2.03103068039452,0.988553551851638,11.7319521078321,2.11815637485036,7.84264599730839,11.7319521078321,NA,NA,NA,NA,TRUE,5.28207118120387e-10
"BG","90",15.8851462288653,16.4624829699594,11.8441978103124,4.41875485425716,4.72565535110235,2.57735187318597,-1.09834577411069,-1.38445890126729,0.618332988828868,-0.846933437443463,-1.27635201076185,2.15899657578528,0.991894658526162,14.8520872854888,3.2710226142914,8.24183340628744,14.8520872854888,NA,NA,NA,NA,TRUE,1.84425733306476e-08
"BG","91",19.4420508067412,15.4149880364778,26.9985564075152,6.24145158457204,5.85965500854242,7.19594302464609,-0.966536140763699,-1.92585141000105,1.43175203232967,-0.821305187268597,-0.993554153816316,-0.30455828762544,0.975073546307948,14.3348711241238,5.55099604225747,13.3520194697428,14.3348711241238,NA,NA,NA,NA,TRUE,3.12375104087381e-11
"BG","92",237.351560729005,220.303882630333,321.165906427607,2.72607162775481,2.61632695357338,3.3845396728434,1.2754114592331,1.51409683095702,-0.156700771110401,8.65209833214684,13.579478006117,-25.8395593856446,0.996486647506905,15.7605632856901,4.84630499488929,8.23487967733312,15.7605632856901,NA,NA,NA,NA,TRUE,6.55205299900135e-09
"BG","93",168.226593532169,157.088192380244,223.69869532098,4.12780879392032,4.39863569072517,2.50284741309119,2.48681086500563,3.00711532234744,-0.635015879045226,17.1121780670617,28.1960409324077,-60.4748619903609,0.997852769297344,16.9931348122237,3.30660776213546,6.12708987336131,16.9931348122237,NA,NA,NA,NA,TRUE,2.99311569266096e-07
"BG","94",377.92215717158,386.076591542896,324.723406831512,3.00943585798478,3.21348369752687,1.78514882073226,1.30628527297164,1.53293337145022,-0.0536033178998048,15.4250133531651,19.7835148588537,-15.0844971866554,0.997311254205929,11.9088370051254,5.13267608688322,7.96584232975965,11.9088370051254,NA,NA,NA,NA,TRUE,6.84075260020988e-13
"BG","95",278.432691760701,263.960763242765,353.017902800337,4.50767665412396,4.87920916982309,2.27848155992919,2.76356463222329,3.32060978268077,-0.578706270521558,28.4678929180601,44.3302571544743,-82.5686567368393,0.997464510920815,13.6912648934582,3.84983792123906,6.81563489671877,13.6912648934582,NA,NA,NA,NA,TRUE,1.01834261839557e-09
"BG","96",270.604182054487,265.09503757567,301.552797589693,3.4125161670857,3.70104362390106,1.68135142619353,1.95515055029398,2.33259137811075,-0.309494416606641,25.0397277238461,36.2436858409573,-53.3879790959327,0.998477954421705,9.33516578187193,3.42386191135144,5.63433152525026,9.33516578187193,NA,NA,NA,NA,TRUE,5.5723834924485e-14
"BG","97",122.678457226756,107.684314564161,189.141633317046,2.77904939679445,2.97257901113759,1.61787171073567,1.6657910689792,2.00562036981644,-0.373184736044276,14.1508950643749,21.903156184419,-40.114932775934,0.999192832150039,7.49523670751765,2.17468374110895,3.84486692498779,7.49523670751765,NA,NA,NA,NA,TRUE,8.47755299818805e-15
"BG","98",170.002167668648,163.029824990772,206.960904678019,3.96759621988284,4.4372890054297,1.14943950660172,3.0604226396951,3.63240325837813,-0.371461072403133,34.8893987739515,48.9092949017258,-63.2498741204684,0.999493662298561,6.36888901084947,2.01416165107562,3.37962815711815,6.36888901084947,NA,NA,NA,NA,TRUE,1.53277358054535e-16
"BG","99",265.762090499546,264.98944111126,267.683957050597,6.95962668748595,6.34119554349282,8.50570454746877,1.59272050724526,2.07780358664922,0.380012808735364,6.81693320655545,12.5739790556772,-10.4542043408096,0.977974951720506,14.7573143166981,7.48708715220061,14.7573143166981,14.337680378394,NA,NA,NA,NA,TRUE,6.9456551140716e-14
"BG","100",21.166695639801,12.9710682177748,33.8744739930006,3.53115477615625,2.51590941236711,6.0692681856291,-0.151460554477061,-0.395356845963553,0.458280174239169,-0.301961725371481,-0.451175721183579,0.145680262064815,0.991995055056637,8.55472383786934,3.10716323441783,7.58295401214443,8.55472383786934,NA,NA,NA,NA,TRUE,5.39908703584921e-15
"BG","101",26.6385770078392,19.8776723299085,38.6761374024219,3.02364826974744,2.71223750820391,3.80217517360626,-0.496437861042924,-0.748824288650952,0.134528207977143,-0.749350828613476,-0.124605809963048,-2.62358588456476,0.995232178921549,7.85791226447213,2.66501530874394,6.25500863927363,7.85791226447213,NA,NA,NA,NA,TRUE,2.63033932691566e-15
"BG","102",19.997544275502,20.5927131404411,15.9672612694749,6.76662089547903,7.48372081844561,2.46402135767958,-3.83813162920531,-4.82015489359876,2.05400795715537,-3.21018001025002,-5.23977456441777,10.9969818689243,0.993405958536748,17.7660174442059,3.9693026999762,8.79662453589443,17.7660174442059,NA,NA,NA,NA,TRUE,3.33943606546587e-07
"BG","103",101.015774082582,90.9326339900704,147.705256332638,4.16881315840717,4.27478000159592,3.53301209927464,0.922167733344666,1.03254370893308,0.259911879814172,1.32499657626079,1.05332712166155,3.22668275845551,0.996164891650704,15.3637790503007,6.92329178606723,10.2389818348299,15.3637790503007,NA,NA,NA,NA,TRUE,5.56840456406595e-11
"BG","104",229.764208541399,243.157231954542,121.60799305892,4.0988734253415,4.61353170419143,1.01092375224195,2.77676227796886,3.35069689397207,-0.666845418050373,25.4132773972971,39.6225491786391,-74.0516250720969,0.997976456616068,10.4423166473597,4.52161457130078,7.0272507910572,10.4423166473597,NA,NA,NA,NA,TRUE,4.72804760998495e-14
"BG","105",168.825465309979,163.737302578021,196.608338141492,3.48224973798127,3.74050248713495,1.93273324305918,2.03993131016456,2.44704245361467,-0.402735550536112,16.6568416237541,25.3865007232659,-44.4507720728282,0.998688698232726,8.26722972362355,3.36745073155978,5.39602287689185,8.26722972362355,NA,NA,NA,NA,TRUE,1.14591455951681e-15
"BG","106",349.962902110164,310.476696487987,528.151072706493,3.02698978984964,2.83705720258602,4.16658531343138,1.0727523586061,1.21711791623201,0.206559012850646,8.35841547285247,9.7520276662155,-1.39686988068873,0.995178244627645,16.8398446122656,6.93100157494875,10.7289890493499,16.8398446122656,NA,NA,NA,NA,TRUE,9.82448510927426e-10
"BG","107",672.442936136624,321.509293009869,1595.32039527177,9.97023214441919,9.33854576679384,13.7603504101713,6.27859262494483,7.32096483102258,0.0243593884783136,50.4802948936862,90.5610847282991,-230.085233948604,0.97623872844375,35.9362312030897,12.8358377639689,21.79609367544,35.9362312030897,NA,NA,NA,NA,TRUE,0.000211673644971106
"BG","108",13.7376119954088,8.2700013145585,22.1256556359445,4.40095724100941,2.74749983168523,8.53460076431988,0.0466933609692689,-1.05831565350566,2.80921589715659,-0.230654174922818,-0.594993838318452,0.862364815264087,0.991177969623095,8.33149588625587,3.83510748603137,8.33149588625587,8.16967515708052,NA,NA,NA,NA,TRUE,4.32901045274308e-18
"BG","109",12.2898368479376,9.1316800004537,17.8933329775233,11.1832684229417,7.94490843436854,19.2791683943746,2.63587386050854,0.226891601698316,8.6583295075341,0.0930762524842329,0.18152041732899,-0.172256242050038,0.956900945065418,18.2225269762082,8.02071232995539,18.2225269762082,18.0864413047117,NA,NA,NA,NA,TRUE,6.96164856798838e-11
"BG","110",6.16182524012308,2.4844866141457,10.8377410780425,15.8073882764749,4.92674439181337,43.0089979881288,8.00920668189486,-0.782511037891953,29.9885009813619,0.224906990947046,-0.0568025705114772,1.07003567532261,0.955650810643821,20.5200124410395,10.1969669557241,20.5200124410395,20.2438910894161,NA,NA,NA,NA,TRUE,1.17336390399642e-12
"BG","111",7.89383659598254,5.78506208477752,11.5942631677235,5.95879064649329,4.43709103969721,9.7630396634835,0.351629598451841,-0.303883466590469,1.99041226105762,-0.0625997442136474,-0.0949025666187625,0.0343087230016981,0.982911085145104,11.5201856102386,5.17809280443107,11.5201856102386,11.4822139462715,NA,NA,NA,NA,TRUE,2.12559191907445e-14
"BG","112",6.11483916230382,5.20639506376076,9.95487360573687,3.96617467886628,3.85369646589785,4.64104395667688,-1.02268152458021,-1.42274403287773,1.37769352520487,-0.415137832973373,-0.756516773695828,1.97451475208381,0.993850896449879,12.3890270979629,2.21667056286273,6.45433985276754,12.3890270979629,NA,NA,NA,NA,TRUE,1.985828074219e-09
"BG","113",7.40131345336448,6.55224387102718,11.2189432377653,5.53059902645915,5.32468138792794,6.76610485764641,-1.76498181794094,-2.82044460872625,4.56779492677092,-0.467230474545612,-1.23337131039473,4.89575537639825,0.986649726232441,14.7437711538001,5.01146047429777,11.1743618199027,14.7437711538001,NA,NA,NA,NA,TRUE,4.53582979596612e-10
"BG","114",4.74189195906248,2.97258705640357,7.52387554457341,12.5527830549212,9.03484038888239,21.3476397200183,0.00711619614369965,-2.00857764915004,5.04635080937805,-0.185123130849677,-0.07750793830424,-0.507968708485989,0.923291907590153,29.5290813807453,8.56070389929296,22.9544145871642,29.5290813807453,NA,NA,NA,NA,TRUE,4.38159717945818e-05
"BG","115",187.80400207037,202.016383025208,45.0409623787956,6.62532493762357,7.67569110272969,0.323127946986869,-4.86614313770763,-5.70298475053603,0.15490653926279,-37.9069794790649,-46.3532850897105,21.2171597954548,0.999025004329087,13.0885425936179,6.452484411499,8.60116949356333,13.0885425936179,NA,NA,NA,NA,TRUE,2.18540700993011e-12
"BG","116",67.4644449358975,63.5154214257853,87.4923240072557,4.21070487384529,4.41161455104624,3.00524681063956,-0.639902112466016,-0.882069374753465,0.813101461258677,-3.65769561806049,-7.18452887999419,21.0301372154754,0.996603479730106,44.2842594266835,4.01190840709053,7.64713279870305,44.2842594266835,NA,NA,NA,NA,TRUE,0.0221854513005627
"BG","117",122.120362544864,105.057803133409,195.373561776699,13.5684051968237,14.038407980508,10.7483884947183,-7.90230798409692,-9.68066856720488,2.76785551455088,-14.9417609642931,-21.0636693438607,27.9115976926808,0.977135140722687,39.2085574533068,18.3274321993202,26.3950888288704,39.2085574533068,NA,NA,NA,NA,TRUE,9.94714359743122e-05
"BG","118",176.608405063761,176.608405063761,NA,5.04076135139388,5.04076135139388,NA,0.870223868932859,0.870223868932859,NA,-1.28613778133609,-1.28613778133609,NA,0.988774979596819,118.552804046803,10.8113736047026,17.963207736389,118.552804046803,NA,NA,NA,NA,FALSE,0.369528448548638
"BG","119",11.2869909740076,11.2337571953837,11.6012651199033,6.27302753388317,6.39540867945191,5.53874066047075,-1.85449776350132,-3.08670416749667,5.53874066047075,-0.926351083685912,-2.62673003857997,10.9763016005725,0.986491664454554,14.5732967328048,3.81045181307001,9.9546648201344,14.5732967328048,NA,NA,NA,NA,TRUE,3.11611148453008e-09
"BG","120",6.53712671028183,6.93391162795494,3.26548566039235,5.14775610952554,5.65379880453792,2.11149993945129,-0.799322900482378,-1.15842031186859,1.35526156783491,-0.258183699738621,-0.559494629444048,1.85099280819937,0.987620487171392,23.3968398248186,3.80349314430265,10.0833816624955,23.3968398248186,NA,NA,NA,NA,TRUE,3.90238991206039e-05
"BG","121",9.04141608607989,9.09577850559208,8.9040580854298,8.47528911452649,7.93797634208305,9.81857104563508,2.16458702210427,2.65646000856585,0.934904555950324,0.233518414532675,0.481656384933676,-0.510895496670329,0.961916988490309,19.2475289803537,8.23574159908964,18.2198069436883,19.2475289803537,NA,NA,NA,NA,TRUE,1.77747425367518e-09
"BG","122",5.53241150156293,3.22147384971011,9.01009351606713,5.40128293988677,3.2606562368164,10.7528496975627,0.430444752666532,-0.180797939877794,1.95855148402735,0.0167420938107569,0.168030611977894,-0.437123460690653,0.983640505451053,12.3984215880526,5.40589359875672,11.8086807954828,12.3984215880526,NA,NA,NA,NA,TRUE,3.18186915886574e-13
